{"type":"Topology","objects":{"sf":{"type":"GeometryCollection","geometries":[{"type":"Polygon","properties":{"name":"06075017102"},"arcs":[[0,1,2,3,4]]},{"type":"Polygon","properties":{"name":"06075012302"},"arcs":[[5,6,7,8]]},{"type":"Polygon","properties":{"name":"06075016801"},"arcs":[[9,10,11,12,13]]},{"type":"Polygon","properties":{"name":"06075011902"},"arcs":[[14,15,16,17,18]]},{"type":"Polygon","properties":{"name":"06075012201"},"arcs":[[19,-9,20,21,22]]},{"type":"Polygon","properties":{"name":"06075012202"},"arcs":[[23,-23,24,25,26]]},{"type":"Polygon","properties":{"name":"06075012402"},"arcs":[[-25,27,28,29,30,31,32,33,34]]},{"type":"Polygon","properties":{"name":"06075012601"},"arcs":[[35,36,37,38]]},{"type":"Polygon","properties":{"name":"06075012602"},"arcs":[[39,40,41,42,-36,43]]},{"type":"Polygon","properties":{"name":"06075012902"},"arcs":[[-43,44,45,46,47,-37]]},{"type":"Polygon","properties":{"name":"06075013101"},"arcs":[[48,49,50,51,52]]},{"type":"Polygon","properties":{"name":"06075013102"},"arcs":[[53,-53,54,55,56,57,58]]},{"type":"Polygon","properties":{"name":"06075015801"},"arcs":[[59,60,61,62,63,64]]},{"type":"Polygon","properties":{"name":"06075016802"},"arcs":[[65,66,-33,67,68,-10]]},{"type":"Polygon","properties":{"name":"06075017101"},"arcs":[[69,70,71,72,73,-1]]},{"type":"Polygon","properties":{"name":"06075017801"},"arcs":[[74,75,76,77]]},{"type":"Polygon","properties":{"name":"06075017802"},"arcs":[[78,-78,79,80]]},{"type":"Polygon","properties":{"name":"06075022704"},"arcs":[[81,82,83,84,85]]},{"type":"Polygon","properties":{"name":"06075025701"},"arcs":[[86,87,88,89,90,91,92]]},{"type":"Polygon","properties":{"name":"06075025702"},"arcs":[[-91,93,94,95,96]]},{"type":"Polygon","properties":{"name":"06075031201"},"arcs":[[97,98,99,100,101,102]]},{"type":"Polygon","properties":{"name":"06075031202"},"arcs":[[103,104,105,-100]]},{"type":"Polygon","properties":{"name":"06075032602"},"arcs":[[106,107,108,109,110]]},{"type":"Polygon","properties":{"name":"06075032801"},"arcs":[[111,112,113,114,115]]},{"type":"Polygon","properties":{"name":"06075032802"},"arcs":[[-110,116,-112,117,118]]},{"type":"Polygon","properties":{"name":"06075032901"},"arcs":[[119,-118,-116,120,121]]},{"type":"Polygon","properties":{"name":"06075033203"},"arcs":[[122,123,124,125]]},{"type":"Polygon","properties":{"name":"06075033204"},"arcs":[[126,127,-123,128]]},{"type":"Polygon","properties":{"name":"06075042601"},"arcs":[[129,130,131,132,133]]},{"type":"Polygon","properties":{"name":"06075042602"},"arcs":[[134,135,136,-131]]},{"type":"Polygon","properties":{"name":"06075047801"},"arcs":[[137,138,139,140,141]]},{"type":"Polygon","properties":{"name":"06075061100"},"arcs":[[142,143,144,145,146,147]]},{"type":"Polygon","properties":{"name":"06075061200"},"arcs":[[148,149,150,151,152]]},{"type":"Polygon","properties":{"name":"06075980300"},"arcs":[[153,154,-141,155,156,157,158,159,160,161,162,-4,163,164,165,166,-107,167,168,169,170,171]]},{"type":"Polygon","properties":{"name":"06075012502"},"arcs":[[172,173,174]]},{"type":"Polygon","properties":{"name":"06075980200"},"arcs":[[175,176,177,178,179]]},{"type":"Polygon","properties":{"name":"06075023102"},"arcs":[[180,181,182,-150]]},{"type":"Polygon","properties":{"name":"06075023200"},"arcs":[[183,-151,-183,184,185,186,187]]},{"type":"Polygon","properties":{"name":"06075023300"},"arcs":[[188,-188,189,190,191,192,-95,193]]},{"type":"Polygon","properties":{"name":"06075022901"},"arcs":[[194,195,196,197]]},{"type":"Polygon","properties":{"name":"06075022803"},"arcs":[[198,199,200,201,-195,202,203]]},{"type":"Polygon","properties":{"name":"06075047702"},"arcs":[[204,205,-156,-140]]},{"type":"Polygon","properties":{"name":"06075035202"},"arcs":[[-170,206,207]]},{"type":"Polygon","properties":{"name":"06075020600"},"arcs":[[208,209,210,211]]},{"type":"Polygon","properties":{"name":"06075013300"},"arcs":[[212,213,214,215,216]]},{"type":"Polygon","properties":{"name":"06075025403"},"arcs":[[217,218,219,-87,220,221]]},{"type":"Polygon","properties":{"name":"06075022702"},"arcs":[[222,223,224,-84]]},{"type":"Polygon","properties":{"name":"06075030202"},"arcs":[[-165,225,226,227]]},{"type":"Polygon","properties":{"name":"06075012000"},"arcs":[[228,229,-20,-24,230]]},{"type":"Polygon","properties":{"name":"06075026001"},"arcs":[[231,232,233,234,235]]},{"type":"Polygon","properties":{"name":"06075026003"},"arcs":[[-234,236,237,238,239]]},{"type":"Polygon","properties":{"name":"06075026404"},"arcs":[[240,241,242,243]]},{"type":"Polygon","properties":{"name":"06075025401"},"arcs":[[244,245,246,-219,247]]},{"type":"Polygon","properties":{"name":"06075016100"},"arcs":[[248,249,250,251,252,-62]]},{"type":"Polygon","properties":{"name":"06075011000"},"arcs":[[253,254,255,-51,256]]},{"type":"Polygon","properties":{"name":"06075035100"},"arcs":[[-169,257,258,259,260,-207]]},{"type":"Polygon","properties":{"name":"06075060502"},"arcs":[[261,-244,262,263,264]]},{"type":"Polygon","properties":{"name":"06075045100"},"arcs":[[265,266,-159,267]]},{"type":"Polygon","properties":{"name":"06075016500"},"arcs":[[268,269,-161]]},{"type":"Polygon","properties":{"name":"06075015300"},"arcs":[[270,271,272,273]]},{"type":"Polygon","properties":{"name":"06075013500"},"arcs":[[274,-58,275,276]]},{"type":"Polygon","properties":{"name":"06075023103"},"arcs":[[277,278,279,-185,-182]]},{"type":"Polygon","properties":{"name":"06075022801"},"arcs":[[280,281,-199,282]]},{"type":"Polygon","properties":{"name":"06075018000"},"arcs":[[-77,283,284,285,-80]]},{"type":"Polygon","properties":{"name":"06075013000"},"arcs":[[-47,286,-49,-54,287,288]]},{"type":"Polygon","properties":{"name":"06075010100"},"arcs":[[289,290,291,292,293]]},{"type":"Polygon","properties":{"name":"06075010200"},"arcs":[[294,-294,295,296,-46,297,-41]]},{"type":"Polygon","properties":{"name":"06075010300"},"arcs":[[-293,298,299,300,301,-296]]},{"type":"Polygon","properties":{"name":"06075010400"},"arcs":[[-292,302,303,304,-299]]},{"type":"Polygon","properties":{"name":"06075010500"},"arcs":[[-291,305,306,307,-145,308,-303]]},{"type":"Polygon","properties":{"name":"06075010600"},"arcs":[[-309,-144,309,-304]]},{"type":"Polygon","properties":{"name":"06075010700"},"arcs":[[-305,-310,-143,310,311,-300]]},{"type":"Polygon","properties":{"name":"06075010800"},"arcs":[[-301,-312,312,313,-254,314]]},{"type":"Polygon","properties":{"name":"06075010900"},"arcs":[[-297,-302,-315,-257,-50,-287]]},{"type":"Polygon","properties":{"name":"06075011100"},"arcs":[[-256,315,316,-229,317,-55,-52]]},{"type":"Polygon","properties":{"name":"06075011200"},"arcs":[[-314,318,-15,319,-316,-255]]},{"type":"Polygon","properties":{"name":"06075011300"},"arcs":[[-311,-148,320,-16,-319,-313]]},{"type":"Polygon","properties":{"name":"06075011700"},"arcs":[[-17,321,-146,-308,322,323,324,325,-7,326]]},{"type":"Polygon","properties":{"name":"06075011800"},"arcs":[[-147,-322,-321]]},{"type":"Polygon","properties":{"name":"06075012700"},"arcs":[[-44,-39,327,328]]},{"type":"Polygon","properties":{"name":"06075012800"},"arcs":[[-328,-38,-48,-289,329,330]]},{"type":"Polygon","properties":{"name":"06075013200"},"arcs":[[-330,-288,-59,-275,331,-214,332]]},{"type":"Polygon","properties":{"name":"06075013400"},"arcs":[[-332,-277,-271,333,-215]]},{"type":"Polygon","properties":{"name":"06075012100"},"arcs":[[334,-18,-327,-6,-230]]},{"type":"Polygon","properties":{"name":"06075015100"},"arcs":[[-56,-318,-231,-27,335,336,337,338]]},{"type":"Polygon","properties":{"name":"06075015200"},"arcs":[[-276,-57,-339,339,-272]]},{"type":"Polygon","properties":{"name":"06075015400"},"arcs":[[-216,-334,-274,340,-65,341,342,343]]},{"type":"Polygon","properties":{"name":"06075015700"},"arcs":[[-342,-64,344,-269,345]]},{"type":"Polygon","properties":{"name":"06075015900"},"arcs":[[-337,346,-249,-61,347]]},{"type":"Polygon","properties":{"name":"06075016000"},"arcs":[[-26,-35,348,-250,-347,-336]]},{"type":"Polygon","properties":{"name":"06075016200"},"arcs":[[-251,-349,-34,-67,349]]},{"type":"Polygon","properties":{"name":"06075016300"},"arcs":[[-252,-350,-66,-14,350]]},{"type":"Polygon","properties":{"name":"06075016400"},"arcs":[[351,-351,352,-162,-270]]},{"type":"Polygon","properties":{"name":"06075016600"},"arcs":[[353,-70,-5,-163]]},{"type":"Polygon","properties":{"name":"06075015500"},"arcs":[[-273,-340,-338,-348,-60,-341]]},{"type":"Polygon","properties":{"name":"06075015600"},"arcs":[[-343,-346,-160,-267]]},{"type":"Polygon","properties":{"name":"06075016700"},"arcs":[[-354,-353,-13,354,355,-71]]},{"type":"Polygon","properties":{"name":"06075016900"},"arcs":[[-355,-12,356,357,358]]},{"type":"Polygon","properties":{"name":"06075017000"},"arcs":[[-356,-359,359,360,-72]]},{"type":"Polygon","properties":{"name":"06075025200"},"arcs":[[361,-197,362,363,364,-246,365]]},{"type":"Polygon","properties":{"name":"06075025300"},"arcs":[[366,367,368,-366,-245,369]]},{"type":"Polygon","properties":{"name":"06075025402"},"arcs":[[-247,-365,370,-88,-220]]},{"type":"Polygon","properties":{"name":"06075025500"},"arcs":[[371,372,-222,373,374,-232,375]]},{"type":"Polygon","properties":{"name":"06075025600"},"arcs":[[-221,-93,376,377,378,-374]]},{"type":"Polygon","properties":{"name":"06075025800"},"arcs":[[-96,-193,379,380]]},{"type":"Polygon","properties":{"name":"06075025900"},"arcs":[[-377,-92,-97,-381,381,382]]},{"type":"Polygon","properties":{"name":"06075026002"},"arcs":[[-379,383,-237,-233,-375]]},{"type":"Polygon","properties":{"name":"06075026004"},"arcs":[[-235,-240,384,385,386]]},{"type":"Polygon","properties":{"name":"06075020500"},"arcs":[[-360,387,-212,388,389,390]]},{"type":"Polygon","properties":{"name":"06075061000"},"arcs":[[391,392,-191,393,394,395]]},{"type":"Polygon","properties":{"name":"06075026100"},"arcs":[[-105,-376,-236,-387,396,397,398]]},{"type":"Polygon","properties":{"name":"06075026200"},"arcs":[[399,400,-398,401,402,403]]},{"type":"Polygon","properties":{"name":"06075060400"},"arcs":[[404,405,406,407,-129,-126,408,409]]},{"type":"Polygon","properties":{"name":"06075026301"},"arcs":[[-402,-397,-386,410,411]]},{"type":"Polygon","properties":{"name":"06075026302"},"arcs":[[-411,-385,-239,412,-264,413,414]]},{"type":"Polygon","properties":{"name":"06075020401"},"arcs":[[415,-73,-361,-391,416,417]]},{"type":"Polygon","properties":{"name":"06075026303"},"arcs":[[-412,-415,418,-403]]},{"type":"Polygon","properties":{"name":"06075026401"},"arcs":[[419,420,-241,-262,421]]},{"type":"Polygon","properties":{"name":"06075026402"},"arcs":[[-382,-380,-192,-393,422,-420,423]]},{"type":"Polygon","properties":{"name":"06075026403"},"arcs":[[-421,-423,-392,424,-242]]},{"type":"Polygon","properties":{"name":"06075030101"},"arcs":[[-164,-3,425,426,-226]]},{"type":"Polygon","properties":{"name":"06075030102"},"arcs":[[-426,-2,-74,-416,427,428,429]]},{"type":"Polygon","properties":{"name":"06075030201"},"arcs":[[-166,-228,430,431]]},{"type":"Polygon","properties":{"name":"06075030301"},"arcs":[[-431,-227,-427,-430,432,433,-109,434]]},{"type":"Polygon","properties":{"name":"06075030302"},"arcs":[[-434,435,-113,-117]]},{"type":"Polygon","properties":{"name":"06075030400"},"arcs":[[-436,-433,-429,436,437,438,-114]]},{"type":"Polygon","properties":{"name":"06075060700"},"arcs":[[-285,439,440,441,-223,-83,442]]},{"type":"Polygon","properties":{"name":"06075030500"},"arcs":[[-428,-418,443,444,445,-437]]},{"type":"Polygon","properties":{"name":"06075030600"},"arcs":[[-446,446,447,448,-438]]},{"type":"Polygon","properties":{"name":"06075030700"},"arcs":[[-448,449,450,451,452]]},{"type":"Polygon","properties":{"name":"06075030800"},"arcs":[[-439,-449,-453,453,454,455]]},{"type":"Polygon","properties":{"name":"06075980501"},"arcs":[[-238,-384,-378,-383,-424,-422,-265,-413]]},{"type":"Polygon","properties":{"name":"06075980600"},"arcs":[[-280,456,-395,457,-186]]},{"type":"Polygon","properties":{"name":"06075020402"},"arcs":[[-417,-390,458,459,460,461,-444]]},{"type":"Polygon","properties":{"name":"06075061500"},"arcs":[[-323,-307,462,-440,-284,-76,463]]},{"type":"Polygon","properties":{"name":"06075061400"},"arcs":[[464,-85,-225,465,466,467,468]]},{"type":"Polygon","properties":{"name":"06075980900"},"arcs":[[-467,469,470,-278,-181,-149,471,472]]},{"type":"Polygon","properties":{"name":"06075011901"},"arcs":[[-320,-19,-335,-317]]},{"type":"Polygon","properties":{"name":"06075012401"},"arcs":[[-22,-175,473,-28]]},{"type":"Polygon","properties":{"name":"06075012501"},"arcs":[[-174,474,-325,475,-29,-474]]},{"type":"Polygon","properties":{"name":"06075012901"},"arcs":[[-42,-298,-45]]},{"type":"Polygon","properties":{"name":"06075015802"},"arcs":[[-63,-253,-352,-345]]},{"type":"Polygon","properties":{"name":"06075031301"},"arcs":[[-102,476,477,478]]},{"type":"Polygon","properties":{"name":"06075031302"},"arcs":[[-478,479,-400,480,-409,-125]]},{"type":"Polygon","properties":{"name":"06075032601"},"arcs":[[-167,-432,-435,-108]]},{"type":"Polygon","properties":{"name":"06075032902"},"arcs":[[481,-119,-120,482,-259]]},{"type":"Polygon","properties":{"name":"06075047802"},"arcs":[[-178,483,-142,-155,484,485]]},{"type":"Polygon","properties":{"name":"06075012301"},"arcs":[[-8,-326,-475,-173,-21]]},{"type":"Polygon","properties":{"name":"06075030900"},"arcs":[[486,487,-454,488,-103,-479,-124,-128]]},{"type":"Polygon","properties":{"name":"06075031100"},"arcs":[[-451,489,490,-372,-104,-99,491]]},{"type":"Polygon","properties":{"name":"06075031400"},"arcs":[[-101,-106,-399,-401,-480,-477]]},{"type":"Polygon","properties":{"name":"06075031000"},"arcs":[[-452,-492,-98,-489]]},{"type":"Polygon","properties":{"name":"06075032700"},"arcs":[[-168,-111,-482,-258]]},{"type":"Polygon","properties":{"name":"06075033000"},"arcs":[[-121,-115,-456,492,493]]},{"type":"Polygon","properties":{"name":"06075033100"},"arcs":[[494,-493,-455,-488,495,-407]]},{"type":"Polygon","properties":{"name":"06075033201"},"arcs":[[-487,-127,-408,-496]]},{"type":"Polygon","properties":{"name":"06075035201"},"arcs":[[-171,-208,-261,496,497]]},{"type":"Polygon","properties":{"name":"06075035300"},"arcs":[[-260,-483,-122,-494,-495,-406,498]]},{"type":"Polygon","properties":{"name":"06075035400"},"arcs":[[-497,-499,-405,499]]},{"type":"Polygon","properties":{"name":"06075040100"},"arcs":[[500,-217,-344,-266,501]]},{"type":"Polygon","properties":{"name":"06075040200"},"arcs":[[502,503,-502,504,-136]]},{"type":"Polygon","properties":{"name":"06075042700"},"arcs":[[505,-134,506,-138,-484,-177]]},{"type":"Polygon","properties":{"name":"06075042800"},"arcs":[[507,-503,-135,-130,-506,-176]]},{"type":"Polygon","properties":{"name":"06075045200"},"arcs":[[-505,-268,-158,508]]},{"type":"Polygon","properties":{"name":"06075047600"},"arcs":[[-132,-137,-509,-157,-206,509]]},{"type":"Polygon","properties":{"name":"06075017601"},"arcs":[[-30,-476,-324,-464,-75,-79,510]]},{"type":"Polygon","properties":{"name":"06075017700"},"arcs":[[-31,-511,-81,-286,-443,-82,511,-281,512]]},{"type":"Polygon","properties":{"name":"06075020100"},"arcs":[[-68,-32,-513,513,514]]},{"type":"Polygon","properties":{"name":"06075023400"},"arcs":[[-187,-458,-394,-190]]},{"type":"Polygon","properties":{"name":"06075025100"},"arcs":[[515,516,-468,-473,-89,-371,-364]]},{"type":"Polygon","properties":{"name":"06075047701"},"arcs":[[-507,-133,-510,-205,-139]]},{"type":"Polygon","properties":{"name":"06075047901"},"arcs":[[-180,517,-485,-154,518]]},{"type":"Polygon","properties":{"name":"06075047902"},"arcs":[[-179,-486,-518]]},{"type":"Polygon","properties":{"name":"06075020200"},"arcs":[[-357,-11,-69,-515,519,520]]},{"type":"Polygon","properties":{"name":"06075020300"},"arcs":[[-358,-521,-209,-388]]},{"type":"Polygon","properties":{"name":"06075020700"},"arcs":[[-520,521,522,523,-210]]},{"type":"Polygon","properties":{"name":"06075020800"},"arcs":[[-514,-283,-204,524,-522]]},{"type":"Polygon","properties":{"name":"06075020900"},"arcs":[[-525,-203,-198,-362,-369,525]]},{"type":"Polygon","properties":{"name":"06075021000"},"arcs":[[-523,-526,-368,526,527,528]]},{"type":"Polygon","properties":{"name":"06075021100"},"arcs":[[-211,-524,-529,529,530]]},{"type":"Polygon","properties":{"name":"06075021200"},"arcs":[[-389,-531,531,-459]]},{"type":"Polygon","properties":{"name":"06075021300"},"arcs":[[-532,532,533,-460]]},{"type":"Polygon","properties":{"name":"06075021400"},"arcs":[[-530,-528,534,535,-533]]},{"type":"Polygon","properties":{"name":"06075021500"},"arcs":[[-535,-527,-367,536,537]]},{"type":"Polygon","properties":{"name":"06075021600"},"arcs":[[-461,-534,-536,-538,538]]},{"type":"Polygon","properties":{"name":"06075021700"},"arcs":[[-445,-462,-539,539,-490,-450,-447]]},{"type":"Polygon","properties":{"name":"06075021800"},"arcs":[[-537,-370,-248,-218,-373,-491,-540]]},{"type":"Polygon","properties":{"name":"06075022600"},"arcs":[[540,-470,-466,-224,-442]]},{"type":"Polygon","properties":{"name":"06075022802"},"arcs":[[-512,-86,-465,541,-200,-282]]},{"type":"Polygon","properties":{"name":"06075022902"},"arcs":[[-202,542,-516,-363,-196]]},{"type":"Polygon","properties":{"name":"06075022903"},"arcs":[[-201,-542,-469,-517,-543]]},{"type":"Polygon","properties":{"name":"06075023001"},"arcs":[[-472,-153,543,-194,-94,-90]]},{"type":"Polygon","properties":{"name":"06075023003"},"arcs":[[-152,-184,-189,-544]]}]}},"arcs":[[[4722,4204],[22,177],[11,89],[10,89],[-46,10],[10,80],[9,79],[-76,16],[8,65],[10,83]],[[4680,4892],[-84,9],[-79,8],[-8,-66],[-8,-65],[-9,-78],[-10,-80]],[[4482,4620],[-11,-90],[-11,-88]],[[4460,4442],[-3,-10],[-3,-25],[-6,-54],[-11,-90]],[[4437,4263],[8,0],[88,-19],[66,-14],[62,-13],[61,-13]],[[6641,2431],[94,-20],[36,-8],[12,-2],[10,-2],[37,-8],[95,-20],[95,-20]],[[7020,2351],[10,89]],[[7030,2440],[-95,20],[-21,4],[-46,10],[-27,6],[11,90],[-47,10],[-48,10],[-34,7],[-60,12]],[[6663,2609],[-6,-43],[-5,-46],[-11,-89]],[[5731,3717],[12,89],[94,-20],[6,47],[5,42],[94,-20],[95,-20],[11,90],[10,88],[12,9]],[[6070,4022],[-84,112]],[[5986,4134],[-17,6],[-88,9],[-44,5],[-8,-6],[-45,4],[-19,2],[-64,7],[-12,1]],[[5689,4162],[-9,-70],[-5,-44],[-6,-44],[-5,-45],[-5,-44],[-11,-89],[-11,-89]],[[5637,3737],[7,-2],[87,-18]],[[6787,2033],[43,-9],[35,-8],[16,-3],[95,-20]],[[6976,1993],[17,-4],[29,-5],[16,-4],[32,-7]],[[7070,1973],[6,56],[5,35],[7,61],[4,28],[-20,4],[-21,5],[-6,1],[-47,10]],[[6998,2173],[-95,20],[-94,20]],[[6809,2213],[-5,-37],[-6,-52],[-11,-91]],[[6453,2470],[73,-15],[21,-4],[94,-20]],[[6663,2609],[3,24],[2,22],[5,43]],[[6673,2698],[-20,4],[-74,15],[-94,21]],[[6485,2738],[-6,-45],[-5,-44],[-5,-45],[-6,-44],[-5,-44],[-5,-46]],[[6269,2509],[89,-18],[95,-21]],[[6485,2738],[-95,20],[-90,18],[-8,2]],[[6292,2778],[-2,-10],[-4,-35],[-4,-33],[-1,-11]],[[6281,2689],[-1,-10],[-5,-34],[-4,-34],[-2,-11],[10,-2],[-4,-44],[-6,-45]],[[6485,2738],[5,43],[5,45],[2,16],[9,73],[11,89],[20,-4],[27,-6],[14,-3],[34,-7],[47,-10],[47,-10]],[[6706,2964],[11,89],[11,90],[7,12]],[[6735,3155],[-78,102],[-4,5],[-3,4],[-67,88],[-15,20],[-2,7],[-76,85],[-62,91]],[[6428,3557],[-26,25],[-4,7]],[[6398,3589],[-5,8],[-1,2]],[[6392,3599],[-2,-21]],[[6390,3578],[-4,-46],[-6,-43],[-13,-89],[-1,-9],[-4,-33],[-5,-37],[0,-11],[-24,-175]],[[6333,3135],[-11,-90],[-8,-90],[-3,-9],[-4,-35],[-6,-44],[-4,-45],[-4,-34],[-1,-10]],[[5095,876],[50,-10],[48,-10],[54,-12],[72,-15],[50,-11],[9,72],[1,10],[8,69],[1,6]],[[5388,975],[2,18],[22,155],[6,8]],[[5418,1156],[-59,12],[-34,8],[-92,19],[-47,10],[-50,11]],[[5136,1216],[-10,-90],[-11,-88],[-6,-44],[-6,-45],[-8,-73]],[[5027,305],[747,-200],[282,-76]],[[6056,29],[-42,54],[59,120],[-1,1],[-9,1],[-10,2],[-9,4],[-10,5],[-10,7],[-8,7],[-8,7],[-8,10],[-1,3],[-3,4],[-3,5],[-8,14],[-7,16],[-5,15],[-3,10],[11,7],[-3,12],[-3,16],[-2,16],[0,19],[-1,11],[1,-3],[1,18],[4,33],[1,13],[2,-1],[0,9],[-8,-8],[2,8],[6,40],[13,44],[27,45],[9,25],[8,42],[11,89],[-5,10],[9,71],[1,9]],[[6054,839],[-25,6],[-64,13],[-53,11],[-41,9],[-95,20]],[[5776,898],[-94,24],[-94,20],[-95,20],[-95,17],[-10,-4]],[[5095,876],[-2,-16],[-8,-61],[-3,-28],[-4,-59],[0,-26],[-1,-4],[-8,-71],[-3,-28],[-5,-30],[3,0],[2,1],[2,3],[1,3],[0,4],[2,18],[1,3],[2,2],[0,-4],[-4,-36],[-14,4],[0,-3],[15,-4],[1,10],[3,-1],[2,-11],[2,1],[-2,10],[2,-1],[2,-11],[2,0],[-2,10],[2,-1],[2,-11],[2,1],[-2,10],[7,-3],[2,-11],[2,0],[-2,10],[5,-1],[2,-8],[1,0],[-1,7],[5,-2],[1,-8],[2,1],[-1,7],[5,-2],[1,-8],[2,0],[-1,7],[1,-1],[2,-7],[1,1],[-1,6],[2,-1],[2,-8],[1,1],[-1,6],[5,-1],[1,-7],[2,1],[-2,5],[5,-2],[1,-6],[2,0],[-1,6],[4,-2],[2,-7],[1,1],[-1,5],[4,-1],[2,-7],[1,0],[-1,6],[2,9],[-1,0],[-2,-7],[-4,2],[1,8],[-2,0],[-1,-7],[-5,1],[2,8],[-2,1],[-2,-8],[-4,2],[2,7],[-2,1],[-2,-8],[-4,2],[2,7],[-2,1],[-2,-8],[-3,2],[1,7],[-2,1],[-1,-8],[-4,2],[1,6],[-2,1],[-1,-6],[-4,1],[1,6],[-2,1],[-1,-6],[-4,1],[1,6],[-2,1],[-1,-6],[-4,1],[2,6],[-2,1],[-2,-6],[-3,1],[1,6],[-2,1],[-1,-6],[-3,1],[1,6],[-2,1],[-1,-6],[-4,1],[2,6],[-2,0],[-2,-5],[-4,1],[3,25],[5,0],[-1,-7],[2,0],[0,6],[4,-1],[0,-6],[1,0],[1,6],[4,-1],[-1,-6],[2,0],[0,6],[4,-1],[0,-6],[1,0],[1,6],[4,-1],[-1,-6],[2,-1],[1,7],[3,-1],[0,-7],[2,0],[1,7],[4,-1],[-1,-7],[2,0],[1,7],[4,-1],[-1,-8],[2,0],[1,7],[4,-1],[-1,-8],[1,0],[1,7],[2,0],[-1,-7],[2,0],[1,6],[1,0],[-1,-7],[2,0],[1,7],[4,-1],[-1,-8],[2,0],[1,8],[4,-1],[0,-8],[2,0],[0,7],[5,-1],[-1,-7],[2,0],[1,9],[-30,7],[0,3],[6,0],[2,-2],[2,1],[3,-2],[8,-1],[7,-2],[3,-3],[76,-182],[-203,-81]],[[5776,898],[11,89],[11,89],[10,86],[2,10],[10,82],[94,-20],[49,-10],[17,-4],[29,-6],[88,-19]],[[6097,1195],[1,9],[9,71],[1,9]],[[6108,1284],[-89,19],[-47,10],[-47,10],[-95,20],[-94,20],[-95,20],[-94,20],[-95,20]],[[5452,1423],[-5,-45],[-5,-44],[-6,-45],[-4,-35],[-1,-11],[-10,-78],[-3,-9]],[[5957,1589],[95,-19],[44,-10],[45,-9]],[[6141,1551],[0,9],[3,18],[2,17],[4,36],[3,9]],[[6153,1640],[12,89],[8,85],[0,9],[8,66],[2,9],[1,9],[8,66],[0,9]],[[6192,1982],[2,9],[8,66],[1,9]],[[6203,2066],[-89,19],[-94,19],[-10,-84],[-10,-83],[-11,-85],[-10,-84],[-11,-87],[-9,-82],[-2,-10]],[[5768,1629],[35,-7],[56,-12],[4,-1],[36,-7],[23,-5],[35,-8]],[[6203,2066],[1,9],[8,68],[2,11]],[[6214,2154],[-89,19],[-94,19]],[[6031,2192],[-95,20],[-94,20]],[[5842,2232],[-11,-88],[-10,-84],[-10,-84],[-11,-84]],[[5800,1892],[-10,-84],[-11,-87],[-4,-36],[-4,-37],[-3,-19]],[[5043,2858],[95,-18],[92,-20],[6,-1],[8,-1],[23,-5],[22,-14],[15,-11],[14,-6],[9,-2],[6,-1],[178,-37],[6,4]],[[5517,2746],[12,102],[11,89],[10,89]],[[5550,3026],[11,89],[11,88],[11,89]],[[5583,3292],[-95,20],[-94,20],[-11,-89],[-5,-44],[-6,-44],[-47,9],[-45,10],[-6,1],[-93,20],[-32,8]],[[5149,3203],[-11,-89],[-11,-90],[-10,-82],[-9,-13],[-8,-7],[-51,-32],[-4,-17],[-1,-6]],[[5044,2867],[-1,-9]],[[5731,3717],[95,-20],[94,-20],[95,-20]],[[6015,3657],[89,-19],[5,-1],[95,-20],[86,-19],[8,-1],[10,-2],[58,-12],[24,-5]],[[6392,3599],[-20,32],[-29,40],[-4,9],[-27,27],[-21,29],[-48,62],[-4,5],[-11,15],[-25,39]],[[6203,3857],[-37,43],[-22,21],[-74,101]],[[4722,4204],[47,-10],[48,-10],[47,-10],[47,-10],[94,-20],[7,-4],[15,-3],[14,-4],[4,-5]],[[5045,4128],[7,-3],[8,1],[7,8],[-1,10],[-44,44],[-11,9],[-29,134],[6,45],[4,10],[9,25],[25,27],[3,19],[3,7],[11,12],[13,8]],[[5056,4484],[-54,56],[10,1],[-11,1],[-27,28],[-2,7],[3,14],[-1,11],[-2,9],[-2,9],[-3,7],[-4,6],[-6,6],[-6,30],[-15,63],[-59,94],[-8,8],[-6,3],[-13,1],[-5,-3],[-2,-6],[-6,8],[-1,15],[1,24]],[[4837,4876],[-23,4]],[[4814,4880],[-57,5],[-77,7]],[[7219,2999],[97,-127],[31,-41]],[[7347,2831],[129,-169],[33,45],[25,33],[30,41],[57,75],[32,42]],[[7653,2898],[-55,72],[-73,96],[-128,168]],[[7397,3234],[-31,-40],[-6,-9],[-2,-2],[-8,-11],[-11,-14],[-31,-41],[-31,-42],[-27,-36],[-31,-40]],[[6609,3800],[68,-90],[24,-32],[10,-13],[11,-14],[24,-31],[90,-118],[34,-44],[29,-39],[33,-44],[31,-40],[32,-42],[32,-42],[34,-44],[30,-40],[83,-109],[45,-59]],[[7397,3234],[-31,41],[-33,43],[-33,43],[-31,41],[-31,41],[-17,21],[-33,44],[-47,62],[-4,5],[-27,35],[-33,43],[-21,28],[-12,16],[-31,40],[-22,30],[-45,58],[-22,30],[-35,45],[-34,45],[-33,43],[-36,48]],[[6786,4036],[-89,-118],[-21,-28],[-35,-47],[-32,-43]],[[7210,4608],[15,-1],[19,-2]],[[7244,4605],[56,-6],[55,-5],[56,-6],[55,-6],[56,-5],[55,-6]],[[7577,4571],[7,122],[7,122],[7,122],[4,60],[3,61]],[[7605,5058],[14,243],[-34,4],[-21,2],[-56,6],[-55,5],[-56,6],[-55,5],[-16,2],[-22,2],[-13,1]],[[7291,5334],[-5,-11],[-23,-38],[-16,-21],[-22,-27],[-12,-15],[-29,-33],[-21,-38],[-11,-25],[-8,-21],[-1,-3],[-7,-34],[-6,-43],[0,-41],[0,-4],[12,-63],[7,-24],[8,-21],[5,-14],[16,-40],[15,-52],[4,-16],[4,-17],[3,-15],[5,-36],[3,-44],[-2,-30]],[[6256,7738],[24,-6],[8,-2],[45,-11],[51,-5],[58,0],[61,1],[43,3],[41,-5],[27,-9],[20,-6],[42,-18],[133,-111],[46,-39],[76,-69],[9,-11]],[[6940,7450],[17,-21],[20,-31],[4,-7],[5,-12],[4,-8],[5,-9],[1,-2],[2,-4],[7,-18],[5,-12],[5,-16],[1,-5],[6,-26],[2,-6],[5,-36],[1,-11],[1,-21],[0,-18],[0,-3]],[[7031,7184],[5,-4],[8,-5],[8,-4],[3,-2],[6,-3],[2,-1],[6,-2],[31,-16],[4,-2],[5,-2]],[[7109,7143],[1,11],[-9,4],[5,41],[7,78],[1,22],[3,10],[2,14],[1,14],[2,11],[4,17],[10,29],[5,10]],[[7141,7404],[-15,8],[-5,2],[-10,6],[-2,1],[-16,8],[18,50],[1,2],[11,30],[4,13],[1,3],[18,51],[17,50],[17,50],[-55,28],[-11,6],[-45,22],[-55,28],[26,104],[28,115],[-57,24],[-56,25],[-57,24]],[[6898,8054],[-56,25],[-57,24],[-57,25],[-56,25]],[[6672,8153],[-29,-115],[-13,-54],[-57,29],[-26,11],[-13,1],[-20,-4],[-68,-19],[-20,-5],[-27,1],[-16,3],[-3,-8],[9,-124],[6,-70],[0,-16],[-5,-10],[-9,-5],[-19,1],[-19,2],[-44,14],[-46,22],[1,-26],[0,-8],[1,-16],[1,-19]],[[7141,7404],[7,14],[39,83],[23,55],[2,6],[23,67],[40,128],[32,90],[22,72],[16,52],[31,120],[6,30]],[[7382,8121],[13,78],[3,19],[20,120],[17,88],[23,93]],[[7458,8519],[-6,-3],[-9,-3],[-18,-7],[-5,-2],[-36,-14],[-2,-11],[-29,-115],[-57,25],[-57,25],[-56,24]],[[7183,8438],[-57,26],[-57,24],[-56,24],[-29,-114],[-29,-115],[-28,-114],[-29,-115]],[[3928,8359],[6,2],[47,26],[5,2],[4,1],[48,17],[3,1],[16,4],[43,16],[4,2],[52,18],[3,1],[49,17],[10,4],[38,12],[20,8],[4,1],[52,19],[2,0],[4,2],[52,18],[3,1],[0,8],[58,19],[0,-6],[44,8]],[[4495,8560],[13,5],[18,8],[12,1],[87,-1],[11,1],[16,2],[4,0]],[[4656,8576],[-4,9],[-1,3],[-25,69],[-2,4],[-1,4],[-2,3],[-45,118],[-41,107],[-39,-26],[-11,-6],[-3,-2],[-30,0],[-58,1],[-59,0],[-58,0],[-59,1],[-58,0],[-59,0],[1,171]],[[4102,9032],[-59,0],[-59,0],[-58,1]],[[3926,9033],[0,-52],[-1,-111],[0,-7],[0,-161],[0,-5]],[[3925,8697],[0,-8],[-1,-114],[0,-58],[0,-61],[0,-56],[1,-33],[3,-8]],[[4656,8576],[3,1],[18,0],[62,0],[12,0]],[[4751,8577],[-1,8],[-5,24],[-8,64],[-4,56],[-1,14],[-8,99],[-3,54],[-2,24],[-4,46],[-4,49]],[[4711,9015],[-1,1],[-17,22],[-11,27],[-10,33],[-18,40],[-19,38],[-27,53],[-45,-40],[-42,-38],[-43,-38],[-43,-37],[-38,-34],[-2,-5],[-6,-6],[-53,0],[-57,1],[-60,0],[-59,0],[-58,0]],[[2509,4568],[8,-2],[46,-4],[7,0],[7,-1],[50,-3],[5,-1]],[[2632,4557],[0,9],[8,175],[7,178],[8,178],[61,-4],[62,-5],[62,-4],[61,-5],[62,-4],[24,-2],[37,-3],[61,-4]],[[3085,5066],[10,177],[6,178]],[[3101,5421],[-31,2],[-31,2],[-61,5],[-62,4],[-62,5],[-61,4],[-62,5],[-61,4],[-62,5],[-61,4]],[[2547,5461],[-8,-177],[-8,-178],[-7,-178],[-7,-178],[-8,-175],[0,-7]],[[2576,6173],[62,-5],[62,-4],[61,-5],[62,-4],[61,-5],[62,-4],[-7,-178],[61,-4],[62,-5],[61,-4]],[[3123,5955],[5,178]],[[3128,6133],[7,177],[9,178],[7,178]],[[3151,6666],[-60,4],[-61,5],[-62,4],[-61,5],[-62,4],[-61,5],[-62,4],[-61,5],[-62,4]],[[2599,6706],[-8,-178],[-7,-177],[-8,-178]],[[3101,5421],[4,178],[10,178],[1,10],[6,157],[1,11]],[[2576,6173],[-7,-178]],[[2569,5995],[-8,-178],[-7,-178],[-7,-178]],[[2041,6034],[10,-1],[26,-2],[61,-4],[62,-5],[61,-4],[62,-5],[62,-4],[61,-5],[62,-4],[61,-5]],[[2599,6706],[-62,5],[-61,4],[-62,5],[-61,4],[-62,5],[-62,4],[-61,5],[-62,4],[-26,2],[-8,1]],[[2072,6745],[-8,-178],[-1,-11],[-6,-160],[0,-6],[-1,-11],[-7,-157],[0,-10],[-1,-11],[-6,-157],[-1,-10]],[[2611,8999],[6,0],[11,1],[3,0],[29,1],[65,4],[-1,23],[-1,31],[-2,35],[96,5],[47,2],[11,8],[32,46],[75,-92],[13,20],[19,20],[22,7],[20,-13],[4,-8],[4,-7],[74,75],[4,0],[4,3],[27,-46],[5,-4],[50,-9],[-3,-33],[-2,-25],[-4,-31],[-3,-34],[-15,-23],[12,-11],[7,8]],[[3220,8952],[97,168],[10,6]],[[3327,9126],[1,20],[1,12],[5,26],[10,49],[31,141],[7,39],[4,24],[2,13],[8,40],[6,59]],[[3402,9549],[-29,1],[-23,-4],[-6,-3],[-12,-6],[-8,-5],[-6,-3],[-33,-21],[-33,-20],[-79,-68],[-6,-3],[-5,-5],[-21,-15],[-22,-9],[-19,-7],[-23,-2],[-107,2],[-62,-2],[-14,0],[-6,-1],[-5,0],[-82,-5],[-185,-10],[-8,-4],[-6,-2],[4,-132],[5,-176],[0,-21],[0,-5],[0,-3],[0,-17],[0,-4]],[[2623,8479],[72,95],[6,5],[4,1],[4,3],[2,7],[-1,9],[46,67],[10,10],[6,3],[7,2],[5,6],[1,15],[55,79],[3,2],[5,1],[5,4],[3,6],[1,11],[60,87],[6,0],[4,3],[29,-35],[5,-11],[3,-66],[6,0],[107,7],[54,1],[11,-2],[15,-3],[16,-10]],[[3173,8776],[-1,38],[0,14],[12,-11],[1,11],[-13,9],[11,49],[16,30],[3,5],[18,31]],[[2611,8999],[0,-5],[-1,-233],[0,-174],[1,-25],[0,-75],[1,-6],[1,-11],[0,-1],[10,10]],[[2671,2589],[62,-4],[62,-4],[61,-5],[62,-5],[61,-4]],[[2979,2567],[8,177],[8,178],[8,177]],[[3003,3099],[-6,0],[-49,4],[-7,0]],[[2941,3103],[-62,5],[-61,4],[-62,5],[-61,5]],[[2695,3122],[-8,-178],[-8,-177],[-8,-178]],[[2979,2567],[62,-5],[61,-5],[62,-5],[64,-5],[65,-5],[30,-2],[6,-1],[3,0]],[[3332,2539],[0,11],[-1,11],[0,57],[4,89],[1,10],[0,8],[7,162],[1,9],[0,7],[6,139],[1,17],[0,4],[-1,8]],[[3350,3071],[-8,0],[-26,3],[-65,6],[-63,5],[-63,4],[-61,5],[-61,5]],[[2141,3166],[9,-3],[45,-3],[7,-1],[62,-5],[61,-6],[62,-4]],[[2387,3144],[1,14],[8,177],[7,178]],[[2403,3513],[8,178],[8,178]],[[2419,3869],[-62,5],[-62,5],[-61,4],[-62,5],[-61,5],[-62,4]],[[2049,3897],[-8,-178],[-7,-178],[-63,5],[-61,5],[-7,-178],[61,-5],[62,-4],[61,-5],[62,-5],[-7,-178],[-1,-10]],[[7018,1548],[40,-8],[7,-1],[8,-2],[37,-8],[18,-4],[58,-11]],[[7186,1514],[11,-3],[32,-6],[41,-9],[21,-4],[46,-10],[48,-10]],[[7385,1472],[68,-14],[11,83],[11,86],[4,41],[5,42],[5,41],[5,42]],[[7494,1793],[-67,14],[-48,11],[-46,9],[-61,13],[-34,8]],[[7238,1848],[-6,-44],[-5,-41],[-50,10],[-37,8],[-29,6],[-27,6],[-35,8]],[[7049,1801],[-11,-85],[-10,-84],[-10,-84]],[[7736,7168],[47,45],[59,56],[33,-60],[32,-58],[33,-61],[27,-50],[5,-10],[32,-59],[91,86],[6,5],[4,4],[5,5],[18,-74],[17,-74],[16,-76],[17,-77],[14,-76],[8,6],[9,0],[64,60],[5,5],[-3,6],[-2,4],[-31,58],[106,101]],[[8348,6934],[-31,60],[-33,60],[-32,59],[-33,60],[-32,60],[-32,59],[7,1],[73,69],[5,5],[-1,10],[-1,3],[-10,70],[-1,8],[-30,55],[-32,60],[-32,59]],[[8133,7632],[-111,-105],[-6,-5],[-15,76],[-17,75]],[[7984,7673],[-8,-8],[-1,-1],[-122,-115],[32,-60],[33,-59],[-109,-102],[-15,-14],[-43,-41],[-48,-45]],[[7703,7228],[16,-30],[17,-30]],[[765,4031],[27,0],[209,-8],[116,-53],[10,-2],[61,-5],[61,-5],[62,-5],[61,-4],[62,-5],[61,-5],[62,-4],[61,-5],[62,-5],[61,-4],[62,-5],[62,-5]],[[1865,3911],[61,-4],[62,-5],[61,-5]],[[2419,3869],[61,-4],[62,-5],[61,-5],[62,-4],[61,-5],[62,-5],[61,-4],[62,-5],[61,-5]],[[2972,3827],[62,-4],[62,-5],[62,-5],[61,-4],[64,-5],[65,-5],[27,-2],[4,-1],[3,0]],[[3382,3796],[7,0],[20,-2],[62,-4],[61,-5],[62,-4],[61,-5],[62,-4],[31,-3],[30,-6],[61,-13]],[[3839,3750],[62,-13],[61,-13],[61,-13],[61,-13],[64,-13]],[[4148,3685],[120,-24],[60,-12],[32,-7]],[[4360,3642],[3,11],[5,46],[4,29],[2,14],[9,78],[12,92],[7,-7],[87,-18],[12,1],[83,-18],[95,-20],[94,-20],[92,-20],[97,-21],[95,-20],[94,-20]],[[5151,3749],[11,88]],[[5162,3837],[-95,20],[-94,20],[-97,20],[-92,20],[-95,20],[-94,20],[-73,15],[-21,6],[-89,20],[-7,-3],[10,91],[11,89],[11,88]],[[4460,4442],[-94,20],[-134,27],[-16,0],[-17,-5],[-17,-8],[-7,0],[-16,-7],[-12,-7],[-22,-6],[-4,-1],[-5,1],[-19,1],[-26,1],[-6,0],[-11,4],[-62,3],[0,-8],[-6,1],[-52,4],[-4,2],[-7,-1],[-50,4],[-4,0],[0,6],[-61,8]],[[3808,4481],[-62,2],[0,-7],[-7,0],[-47,4],[-7,0],[-7,1],[-46,3],[-9,1],[-6,0],[-47,3],[-8,1],[-7,1],[-48,3],[-7,1],[-8,0],[-47,3],[-7,1]],[[3438,4498],[-7,0],[-49,4],[-5,2],[-7,-1],[-51,4],[-7,1],[-7,0],[-51,4],[-6,1],[-7,0],[-49,4],[-6,0],[-8,0],[-46,4],[-8,0],[-6,1],[-47,3],[-8,1]],[[3063,4526],[-7,1],[-6,-1],[-41,4],[-7,0],[-1,1],[-53,4],[-8,1],[-7,0],[-47,4],[-8,-1],[-7,1],[-47,4],[-7,0],[-6,1],[-48,3],[-8,1],[-7,0],[-44,4],[-10,0],[-7,0],[-48,4],[-7,0]],[[2509,4568],[-7,-1],[-47,4],[-7,2],[-7,-1],[-49,4],[-6,1],[-7,0],[-44,3],[-11,1],[-6,0],[-47,4],[-8,1],[-8,0],[-46,4],[-8,0],[-7,0],[-48,3],[-7,1],[-5,0],[-51,4],[-5,1],[-6,-1],[-48,3],[-8,1],[-6,0],[-20,1],[-9,1]],[[1981,4604],[-20,1],[-6,1],[-5,0],[-48,5],[-9,1],[-7,0],[-49,4],[-5,1],[-5,0],[-50,3],[-7,2],[-5,0],[-51,3],[-6,1],[-6,0],[-50,3],[-5,1],[-7,1],[-48,3],[-7,1]],[[1585,4635],[-6,0],[-48,4],[-8,1],[-6,0],[-47,3],[-8,1],[-6,0],[-50,4],[-6,0],[-7,1],[-48,3],[-6,1],[-6,1],[-48,3],[-8,1],[-7,0],[-47,2],[-8,0],[-26,0]],[[1189,4660],[-24,1],[-8,1],[-112,46],[-173,-14],[-86,-1]],[[786,4693],[0,-50],[-1,-52],[3,-59],[-13,-68],[-7,-76],[-1,-85],[2,-48],[-1,-31],[-1,-68],[-2,-125]],[[6673,2698],[8,-1],[21,-4],[11,-3],[22,-4],[26,-6],[7,-2],[33,-7],[21,-5],[41,-8]],[[6863,2658],[10,89],[5,42],[6,46],[-95,20],[-34,8],[-60,12]],[[6695,2875],[-11,-88],[-6,-49],[-5,-40]],[[1711,1708],[423,455],[23,240],[-18,33],[-2,82],[-7,290]],[[2130,2808],[5,61],[21,116],[-23,2]],[[2133,2987],[-62,4],[-61,5],[-62,5],[-123,10]],[[1825,3011],[-61,4],[-62,5],[-61,5],[-62,5],[-62,4],[-61,5],[-45,4],[-10,0],[-7,4],[-12,13],[-14,8],[-65,5],[-114,9]],[[1189,3082],[-52,-137],[8,-6],[8,0],[9,7],[7,2],[7,-3],[7,-9],[8,-3],[6,0],[46,17],[10,-4],[8,-16],[8,-5],[8,0],[49,8],[-132,-175],[-3,-38],[-1,-35],[17,-488],[504,-489]],[[8348,6934],[108,101],[106,101]],[[8562,7136],[-10,18],[-3,15],[-1,4],[1,16],[1,9],[2,9],[1,12],[-5,10],[-9,6],[-9,-1],[-43,-18],[-30,-26],[-19,-3],[-19,7],[12,28],[9,39],[3,19],[3,23],[8,47],[1,7],[1,4],[0,2],[2,9],[8,41],[6,23],[10,35],[1,6],[1,3],[32,76],[5,8],[14,25],[11,17],[31,36],[19,16],[20,13],[17,8],[8,0],[3,-12],[-3,-10],[-27,-31],[-21,-24],[-15,-22],[-11,-24],[2,-17],[9,-13],[62,57],[6,3],[10,2],[0,16],[19,71],[1,7],[6,19],[8,34],[0,15],[-1,13],[-7,30],[-4,11],[-6,15],[-7,15],[-7,8],[-6,5],[-18,13],[-19,2],[-46,-7],[-19,-4],[-18,-1],[-10,1],[-21,10],[-9,9],[-6,8],[-31,57]],[[8455,7935],[-107,-100],[-108,-102],[-107,-101]],[[7922,7978],[17,-77],[2,-10],[8,-36],[2,-7],[3,-23],[15,-75],[15,-77]],[[8455,7935],[107,101],[90,85],[17,16]],[[8669,8137],[51,48],[57,53],[-33,60],[-32,60],[-32,60],[-37,68],[-36,54],[-37,53],[-43,56],[-5,-3],[-4,-1],[-2,-2],[-3,-2],[-2,-4],[-2,0],[-3,-1],[-1,-1],[-2,-2],[0,-5],[-3,-3],[-7,-7],[-5,-5],[-4,-1],[-1,-3],[-3,-3],[-3,-3],[-4,-3],[-4,-4],[-5,-6],[-5,-4],[-15,-11],[-2,-3],[-2,-7],[-1,-2],[-1,-1],[-1,-2],[-1,-1],[-3,1],[-1,-1],[-1,-6],[-1,-2],[-1,-7],[-1,-7],[-1,-2],[-1,-1],[-15,-2],[-5,-3],[-5,-4],[-3,-4],[-5,-5],[-2,-3],[-3,-5],[-3,-4],[-4,-3],[-3,-4],[-1,-3],[-3,-2],[-1,-1],[-2,0],[-2,-4],[-3,-7],[-2,-4],[-1,-3],[-1,-2],[-2,0],[-3,1],[-4,0],[-4,-1],[-3,-3],[-4,-1],[-4,1],[-5,1],[-2,0],[-1,-1],[-4,-5],[-4,-4],[-6,-4],[-4,-4],[-3,-3],[-3,-2],[-4,-3],[-2,-3],[-3,-2],[-4,-1],[-8,0],[-6,1],[-8,3],[-4,4],[-3,4],[-1,3],[-2,1],[-5,2],[-2,1],[-1,3],[1,7],[1,3],[9,7],[9,8],[3,4],[28,26],[8,5],[2,2],[1,3],[6,4],[1,1],[1,2],[2,1],[6,7],[5,4],[3,0],[2,2],[4,3],[4,3],[4,3],[6,3],[4,2],[4,3],[7,6],[7,6],[2,4],[2,4],[2,1],[5,8]],[[8392,8591],[-39,-22],[-54,-47],[-38,-39],[-27,-28],[-5,-10],[-33,-32],[-107,-102],[-108,-101],[-74,-69],[-7,-7],[-5,-4],[-6,-7]],[[7889,8123],[2,-10],[15,-56],[2,-7],[14,-72]],[[7510,7882],[52,12],[51,13],[40,9],[12,3],[12,3],[32,7],[23,5],[36,9],[29,7],[23,5],[52,12],[41,9],[4,1],[5,1]],[[7889,8123],[-18,74],[-20,67],[-19,75],[-5,9],[-19,71],[-15,54],[-2,8],[-5,13],[-13,49],[-3,10],[-3,13],[-15,52],[-3,14],[-17,66],[-18,69],[-4,9],[-4,17],[-10,36],[-3,9]],[[7693,8838],[-19,72],[-29,63],[7,6],[-33,58],[-3,-2],[-23,44],[-5,7]],[[7588,9086],[-2,-19],[-6,-28],[-9,-34],[-3,-16]],[[7568,8989],[-2,-12],[-4,-21],[-7,-52],[-2,-15],[-15,-14],[1,-12],[-5,-31],[-13,-51],[-3,-14],[-11,-48],[-26,-107],[-23,-93]],[[7382,8121],[8,-16],[33,-60],[32,-60],[32,-59],[23,-44]],[[6560,5625],[62,-6],[63,-7],[63,-6],[62,-6]],[[6810,5600],[9,153],[9,152],[9,152],[2,48],[4,56]],[[6843,6161],[-8,0],[-56,2],[-54,2],[-8,1],[-8,0],[-58,2],[-6,-1],[-54,1]],[[6591,6168],[0,-3],[-5,-83],[-9,-152],[-9,-153],[-8,-152]],[[6542,5320],[63,-6],[62,-7],[63,-6],[63,-6],[53,-6],[52,-5],[54,-5],[54,-5],[51,-6]],[[7057,5268],[9,153],[9,153]],[[7075,5574],[-52,5],[-52,5]],[[6971,5584],[-56,5],[-51,5],[-54,6]],[[6560,5625],[-9,-153]],[[6551,5472],[-9,-152]],[[2403,3513],[62,-4],[61,-5],[62,-5],[61,-4],[62,-5],[61,-5],[62,-4],[62,-5],[61,-5]],[[2957,3471],[8,178],[7,178]],[[1585,4635],[0,8],[8,175],[7,178],[8,178]],[[1608,5174],[-62,4],[-61,5],[-62,4],[-61,4],[-62,5],[-67,5],[-3,-7],[-13,-170],[-14,-177],[-11,-153],[-1,-23],[-2,-11]],[[5481,4795],[14,16],[50,-5],[64,-6],[48,-5],[33,-3],[47,-5],[127,-13],[78,-8],[50,-5],[9,-1]],[[6001,4760],[2,39],[2,40],[5,74],[8,152],[5,77],[4,76],[4,76],[5,76]],[[6036,5370],[-9,1],[-64,7],[-63,6],[-128,13],[-95,9],[-32,3],[-127,13]],[[5518,5422],[-5,-76],[-4,-76],[-9,-153],[-9,-152],[-8,-146],[-2,-24]],[[4085,2215],[26,0],[89,-30],[94,-31],[92,-31],[86,-28],[100,-33],[90,-30],[4,14],[97,-21],[79,-16]],[[4842,2009],[11,84]],[[4853,2093],[10,84],[10,83],[10,84],[11,88]],[[4894,2432],[-80,17],[-96,20],[-95,21],[-6,2],[-89,18],[-87,19],[-7,1],[-79,16],[-16,4],[-47,9],[-47,11],[-16,3],[-63,13],[-64,14]],[[4102,2600],[-4,-90],[-2,-28],[-2,-58],[-4,-84],[-4,-85],[-1,-40]],[[5861,7426],[32,-35],[8,-9],[66,-79]],[[5967,7303],[10,9],[20,19],[92,12],[8,-11],[69,9],[6,4],[27,69],[5,3],[19,1],[9,1],[14,1],[95,8],[3,-69],[196,17]],[[6540,7376],[-4,68],[37,3],[36,3],[35,3],[36,3],[36,3],[36,3],[14,1],[21,2],[36,3],[38,-41],[19,32],[19,13],[9,-2],[28,-27],[4,7]],[[6256,7738],[-65,16],[-63,8],[-3,0],[-33,0],[-6,0],[-19,-1],[-33,-1],[-31,-7],[-17,-4],[-42,-13],[-13,-4],[-39,-14]],[[5892,7718],[40,-67],[54,-91],[1,-7],[13,-21],[-5,-4],[-67,-48],[-25,-17],[-30,-21],[-4,-4],[-8,-12]],[[7577,4571],[56,-5],[55,-6],[56,-5],[56,-6],[56,-6]],[[7856,4543],[7,123],[29,-3],[3,0],[10,-1],[15,-2],[1,0],[7,62],[5,59],[4,51],[4,70],[3,46],[-5,43],[-5,35]],[[7934,5026],[-50,4],[-57,6],[-55,6],[-56,5],[-55,6],[-56,5]],[[3808,4481],[3,85],[4,90],[8,177],[7,178]],[[3830,5011],[-61,4],[-62,5],[-61,4],[-62,5],[-61,4],[-62,5]],[[3461,5038],[-7,-169],[0,-4],[-1,-5],[0,-4],[-7,-174],[-7,-175],[-1,-9]],[[6234,2333],[13,-2],[89,-19],[95,-20],[58,-12],[36,-7],[40,-9],[8,-1],[10,-2],[14,-3],[22,-5]],[[6619,2253],[11,89],[11,89]],[[6269,2509],[-12,3],[-1,-8],[-4,-36],[-4,-36],[-1,-9],[-2,-9],[-4,-35],[-7,-46]],[[5469,8491],[4,-9],[26,-56],[4,-9],[21,-47],[26,-56],[21,-45],[15,-34],[25,-56],[6,-13],[21,-31]],[[5638,8135],[39,31],[46,37],[46,37],[5,-12],[46,37],[46,36],[46,36],[44,35],[-67,149]],[[5889,8521],[-43,-35],[-69,149],[-67,147],[-68,148]],[[5642,8930],[-46,-36],[-46,-37],[-46,-36],[-46,-36],[-46,-37],[-44,-35]],[[5368,8713],[39,-85],[25,-55],[3,-8],[34,-74]],[[5889,8521],[48,37],[45,36],[47,37],[23,19],[23,18]],[[6075,8668],[17,38],[-53,135],[-21,89],[-8,18],[-24,53],[-16,141],[-1,3],[-9,38],[-20,86]],[[5940,9269],[-65,-25],[-53,-20],[-55,-17],[-27,-6],[-23,-9],[-5,-4]],[[5712,9188],[-45,-36],[-46,-37],[-47,-37],[68,-148]],[[6583,9634],[53,25],[126,59],[35,16],[54,25]],[[6851,9759],[-36,133],[-15,56],[-8,28],[-1,2]],[[6791,9978],[-8,0],[-21,0],[-22,-1],[-6,1],[-6,1],[-15,2],[-15,2],[-10,2],[-8,0],[-9,0],[-41,0],[-5,-1],[-54,-8],[-50,0],[-7,0],[-55,0],[-2,0],[-28,5],[-25,4],[-4,0],[-35,0],[-16,0]],[[6349,9985],[0,-8],[42,-155],[49,22],[48,23],[24,-56],[20,10],[14,-50],[37,-137]],[[6108,6970],[7,-1],[3,0],[3,0],[27,-1],[28,-72],[14,-37],[63,42],[51,35],[34,22],[32,22],[8,6],[23,15],[34,23]],[[6435,7024],[7,4],[39,7],[37,6],[35,5],[36,6]],[[6589,7052],[6,5],[-3,47],[-6,119],[-38,-4],[-1,20],[-4,69],[-1,23],[-2,45]],[[5967,7303],[4,-5],[28,-40],[33,-45],[18,-31],[11,-20],[8,-21],[13,-35],[14,-53],[12,-76],[0,-7]],[[5550,3026],[42,-9],[53,-11],[36,-8],[58,-12],[5,-1],[4,-1],[86,-18],[94,-20],[189,-40]],[[6117,2906],[11,89],[6,44],[5,45],[11,89]],[[6150,3173],[5,44],[6,44],[-95,20],[-94,20]],[[5972,3301],[-83,18],[-48,10],[-13,3],[-36,7],[-5,1],[-4,1],[-37,8],[-58,12],[-94,20]],[[5594,3381],[-11,-89]],[[6535,1559],[1,6],[0,3],[0,2],[5,35],[2,18],[3,24],[10,85],[10,85]],[[6566,1817],[11,83]],[[6577,1900],[-19,4],[-76,16],[-63,14],[-31,6],[-95,21],[-88,18],[-13,3]],[[6153,1640],[11,-1],[88,-18],[10,-2],[41,-6],[43,-13],[12,-6],[67,-16],[15,-3],[75,-13],[20,-3]],[[1981,4604],[1,10],[6,165],[1,10],[0,10],[7,158],[0,10],[8,178],[8,178],[7,177]],[[2019,5500],[0,6],[7,160],[0,12],[1,12],[6,156],[1,10]],[[2034,5856],[-27,2],[-61,4],[-62,5],[-61,5],[-62,4],[8,178],[-62,4],[-62,5]],[[1645,6063],[-7,-178],[-8,-178],[-7,-176],[-8,-180],[-7,-177]],[[6604,9556],[-21,78]],[[6349,9985],[-132,0],[-81,0],[-6,0]],[[6130,9985],[7,-10],[22,-83],[3,-10],[-6,-6],[-31,-29],[-25,-35],[-4,-6]],[[6096,9806],[3,-2],[14,-13],[47,-3],[19,-7],[13,-13],[23,-44],[10,-33],[6,-38],[10,-29],[19,-16],[9,-1],[14,-106],[18,-44],[33,-19],[270,118]],[[3809,3038],[7,-1],[47,-4],[7,-1],[7,1],[47,-4],[8,1],[8,-2],[46,-3],[7,0],[62,-5],[64,-5]],[[4119,3015],[1,12],[8,179],[5,126],[3,72],[5,101],[2,55],[2,36],[3,89]],[[3839,3750],[-7,-166],[-8,-178],[-7,-177],[-7,-180],[-1,-11]],[[4360,3642],[97,-20],[11,-3],[83,-17],[95,-20],[29,-6],[21,-5],[45,-9],[35,-8],[56,-12],[97,-20],[95,-20],[95,-20]],[[5119,3482],[10,89],[11,89],[11,89]],[[4988,2412],[95,-20],[93,-19],[3,-1],[3,0],[4,-1],[89,-19],[94,-20],[95,-20]],[[5464,2312],[11,91],[5,45],[5,44],[11,89]],[[5496,2581],[-94,20],[-95,20],[-89,19],[-4,1],[-3,0],[-2,1],[-93,19],[-95,20]],[[5021,2681],[-11,-88],[-10,-89],[-12,-92]],[[5422,1972],[95,-20],[94,-20],[95,-20],[94,-20]],[[5842,2232],[-95,20],[-94,20],[-48,10],[-47,10],[-94,20]],[[5464,2312],[-6,-45],[-5,-44],[-10,-83],[-11,-84],[-10,-84]],[[8562,7136],[33,-57],[6,-11],[5,5],[25,24],[15,21],[54,52],[3,8],[80,-147],[17,-32],[33,-61],[42,-122],[115,-334]],[[8990,6482],[2,2],[3,1],[4,-1],[3,-2],[3,-3],[1,-3],[-1,-4],[24,-24],[5,-3],[4,-3],[6,-2],[6,1],[5,1],[2,1],[11,-11],[212,368],[83,144],[-14,13],[-24,2],[1,14],[-169,16],[-1,0],[-1,0],[-1,-7],[0,-6],[-123,13],[-1,3],[-2,1],[-9,3],[-22,6],[-1,3],[1,3],[2,4],[4,6],[5,12],[3,13],[3,13],[4,10],[5,11],[7,11],[6,9],[7,6],[7,6],[9,5],[9,4],[9,3],[10,0],[5,0],[53,8],[12,2],[13,0],[13,-1],[10,-2],[2,5],[8,-5],[14,0],[19,-2],[14,-3],[7,-1],[7,-1],[8,1],[3,1],[5,-1],[4,1],[15,1],[19,-1],[19,-2],[32,-6],[1,0],[3,1],[2,3],[1,3],[0,4],[0,3],[-4,5],[-5,4],[-5,2],[-16,5],[-13,3],[-14,3],[-3,1],[-3,-1],[-7,2],[-8,3],[-6,4],[-5,5],[-2,3],[-2,2],[-3,0],[-2,0],[-10,1],[-11,3],[-10,4],[-9,5],[-4,3],[-4,3],[-3,1],[-10,3],[-8,3],[-7,5],[-5,4],[-2,2],[-2,1],[-3,-1],[-4,0],[-3,0],[-4,2],[-3,4],[-5,9],[-4,5],[-5,5],[-5,3],[-5,2],[-3,0],[-2,-2],[1,2],[-7,-2],[-7,0],[-7,2],[-7,2],[-4,1],[-4,-1],[-3,-3],[-3,-5],[-2,-4],[-5,2],[-4,2],[-1,2],[1,1],[-13,3],[-13,1],[-10,1],[-8,-1],[-8,-2],[-8,-3],[-7,-4],[-5,-3],[-23,-32],[-22,-27],[-3,-2],[-4,-1],[-5,1],[-14,-12],[-13,-11],[-8,-9],[-9,-8],[-8,-7],[-10,-6],[-10,-6],[-11,-4],[-6,0],[-6,2],[-5,3],[-4,5],[-4,6],[-2,5],[25,25],[8,-1],[10,0],[8,2],[7,2],[6,4],[6,5],[5,6],[5,8],[4,7],[2,8],[2,11],[1,4],[1,11],[0,9],[-1,10],[-2,9],[-3,8],[-4,7],[2,4],[0,5],[-2,5],[-4,6],[-1,5],[-1,7],[0,9],[-3,11],[-1,7],[-15,16],[-4,5],[-6,11],[-4,5],[-5,1],[-5,-1],[-2,-1],[-1,3],[0,4],[3,11],[2,2],[-2,7],[1,3],[2,1],[2,2],[-3,3],[1,1],[-3,4],[-1,3],[-4,13],[0,6],[5,9],[2,4],[2,-4],[3,-1],[3,-2],[6,-8],[3,-3],[4,-9],[3,-3],[5,-3],[3,0],[4,1],[5,6],[2,3],[3,2],[2,10],[0,6],[-1,5],[3,2],[2,0],[4,2],[1,3],[1,5],[-3,11],[-2,6],[-2,4],[-2,2],[-5,5],[0,4],[-2,2],[1,4],[5,6],[3,3],[3,1],[1,-2],[1,1],[0,3],[0,5],[1,6],[1,7],[0,3],[-3,10],[-2,5],[0,9],[-1,3],[-1,3],[-1,2],[-7,1],[-2,1],[-1,2],[0,3],[-3,14],[-1,2],[-2,4],[-4,13],[-1,4],[-1,6],[-4,8],[-3,3],[-1,6],[1,3],[-8,16],[-2,4],[2,0],[6,5],[-1,2],[-3,6],[2,4],[6,-6],[16,-17],[9,15],[2,3],[2,2],[5,-5],[1,3],[2,-1],[2,2],[11,-11],[3,5],[-20,21],[4,7],[9,-10],[16,9],[5,-1],[5,-2],[3,-1],[3,-4],[0,-3],[7,-2],[5,-3],[1,-3],[0,-3],[5,0],[3,-3],[0,-5],[2,-3],[1,-1],[4,0],[4,-1],[3,-4],[0,-3],[1,-9],[1,-1],[2,-2],[2,1],[2,-6],[2,-3],[2,-1],[3,-2],[2,-3],[2,-6],[3,-2],[4,-5],[2,-3],[2,-2],[8,-17],[3,-5],[8,-11],[5,-11],[1,-5],[2,-4],[3,-2],[4,-3],[3,-2],[5,-9],[1,-3],[6,-2],[4,0],[2,0],[3,2],[4,-1],[1,2],[2,2],[4,4],[2,2],[9,9],[8,13],[2,5],[3,3],[1,3],[3,5],[3,4],[4,3],[2,3],[1,3],[3,2],[2,3],[2,5],[3,7],[3,4],[2,9],[3,1],[3,-1],[1,2],[0,2],[0,4],[2,5],[6,8],[5,3],[4,5],[12,8],[9,7],[5,7],[4,4],[2,4],[2,2]],[[9235,7661],[-5,13],[-60,140],[-26,49],[-33,59],[-13,24],[-20,35],[-11,20],[-22,39],[-16,30],[-12,21],[-3,4],[-4,5],[-167,-50],[-58,-9],[-34,-32],[-15,2],[-37,68],[-24,47],[-6,11]],[[6507,4709],[63,-6],[62,-6],[82,-8],[8,-4],[33,-26],[9,-6],[32,-3],[56,-6],[55,-5],[56,-6],[56,-6]],[[7019,4627],[7,125],[6,119],[7,121],[7,124],[11,152]],[[6542,5320],[-9,-153],[-9,-152],[-8,-153],[-9,-153]],[[7653,2898],[31,42],[7,8],[6,9],[4,5],[5,7],[5,6],[31,41],[18,25],[26,34],[25,33],[19,25],[89,118]],[[7919,3251],[-31,41],[-14,19],[-18,24],[-65,85],[-128,167],[-44,-58],[-45,-60],[-89,118],[-33,43],[-6,7],[24,31],[21,28],[44,59],[-4,5],[0,1],[-6,8],[-2,2],[-116,151],[-127,168],[-12,9],[-18,21],[-34,3]],[[7216,4123],[-12,1],[-12,1],[-10,1],[-15,2],[-6,0],[-15,19],[-46,-56],[-33,44],[-2,3],[-1,1],[-6,8],[-9,11],[-6,10],[-25,-7],[-34,-45],[-41,-53],[-66,86],[-1,1],[-1,2],[-2,-2],[-2,-2],[-85,-112]],[[6108,1284],[1,9],[9,71],[1,9],[1,9],[9,71],[1,9],[1,9],[4,34],[4,37],[2,9]],[[5768,1629],[-94,20],[-95,20],[-94,20],[-95,20],[-11,-89]],[[5379,1620],[-10,-88],[-11,-89],[94,-20]],[[6292,4],[51,-4],[730,19],[97,96],[420,429]],[[7590,544],[-121,115],[-69,68],[-28,17],[-51,1],[-19,3],[-97,31]],[[7205,779],[-44,10],[-18,5],[-21,7],[-4,4],[-3,4],[-45,-1],[-46,9],[-57,12],[-35,7],[-95,20],[-73,14],[-21,5],[-29,6],[-66,15]],[[6648,896],[-33,-38],[-35,-40],[-44,-51],[-4,-31],[-19,4],[-67,-77],[-19,5]],[[6427,668],[-4,-30],[-7,-59],[-10,-90],[-7,-56],[-1,-6],[-27,-22],[-19,-15],[-45,-287],[0,-3],[-15,-96]],[[6056,29],[34,-10],[5,0],[116,-9],[81,-6]],[[6427,668],[11,89],[5,40],[6,48],[3,5],[4,32],[-2,3],[6,50],[10,89],[5,47],[5,42],[5,40],[7,48]],[[6492,1201],[-95,20],[-61,13],[-27,6],[-6,3],[-95,20],[-89,19],[-11,2]],[[6097,1195],[-8,-85],[-4,-12],[-8,-72],[-1,-9],[-1,-9],[-9,-71],[-1,-8],[-1,-10],[-9,-70],[-1,-10]],[[6648,896],[66,76],[47,53]],[[6761,1025],[3,28],[6,44],[5,45],[8,61],[3,28],[3,25],[1,5],[7,59]],[[6797,1320],[-38,8],[-57,12],[-37,8],[-57,12],[-95,20]],[[6513,1380],[-5,-45],[-2,-18],[-2,-18],[0,-9],[-7,-47],[-5,-42]],[[7205,779],[11,89],[11,89],[73,-15],[21,-4],[11,89],[5,45],[5,43],[11,89],[11,89]],[[7364,1293],[-48,10],[-23,5],[-2,0],[-21,5],[-34,7],[-58,12],[-8,-72],[-3,-17],[-10,-89],[-11,-84],[-1,-3],[-1,-2],[-3,0],[-13,3],[-27,6],[-27,6],[-18,4],[-21,4],[-24,5],[-21,5],[-26,5],[-94,19],[-21,4]],[[6849,1126],[-67,-77],[-21,-24]],[[7590,544],[293,506],[253,505]],[[8136,1555],[-144,265],[-29,-2],[-11,-5],[-13,11],[-10,10],[-34,46],[-37,-49],[-53,-71],[-7,2],[-48,64],[-36,43]],[[7714,1869],[-4,-31],[-11,-88],[-70,15],[-67,14],[-68,14]],[[7385,1472],[-8,-71],[-2,-17],[-11,-91]],[[7186,1514],[-41,-47],[-25,-30],[-24,-27],[-45,-52],[-66,-76],[-69,-78],[-43,-50],[-24,-28]],[[7018,1548],[-18,4],[-6,1],[-23,5],[-47,10],[-25,5],[-22,5],[-48,10]],[[6829,1588],[-8,-65],[0,-3],[-1,-10],[-1,-7],[-1,-6],[-1,-10],[-8,-68],[-1,-10],[-11,-89]],[[6829,1588],[5,42],[5,42],[4,33],[7,51]],[[6850,1756],[-18,3],[-77,17],[-84,18],[-10,2],[-33,7],[-26,6],[-36,8]],[[6535,1559],[-5,-44],[-1,-2],[-5,-45],[-11,-88]],[[6577,1900],[10,84],[3,25],[4,32],[4,32]],[[6598,2073],[4,37],[7,54],[10,89]],[[6234,2333],[-4,-44],[-4,-35],[-1,-9],[-1,-9],[-9,-71],[-1,-11]],[[6850,1756],[47,-10],[27,-6],[20,-4],[10,84],[1,8],[2,21],[8,55],[6,48],[5,41]],[[6787,2033],[-95,20],[-94,20]],[[7049,1801],[10,84],[4,38],[7,50]],[[7070,1973],[1,0],[46,-10],[44,-9],[17,-3],[71,-15],[-11,-88]],[[7714,1869],[-13,21],[-4,4],[-43,56],[-3,5],[-4,5],[-43,56],[-4,5],[-4,5],[-43,57],[-4,4],[-3,6],[-15,18],[-22,30],[-15,19],[-69,90],[-3,5],[-4,5],[-3,4],[-13,17],[-11,14],[-2,4],[-5,11],[-43,50],[-6,8],[-31,32],[-74,95],[-76,98]],[[7154,2593],[-13,23],[-66,87]],[[7075,2703],[-15,-9],[-9,-76]],[[7051,2618],[-10,-88],[-11,-90]],[[7020,2351],[-11,-89],[-6,-46],[-2,-14],[-3,-29]],[[5136,1216],[-95,20],[-96,20],[-77,16],[-11,3],[-7,1],[-75,16]],[[4775,1292],[-8,-89],[-3,-34],[-2,-15],[-7,-76],[-6,10],[-25,-6],[-26,-17],[-21,-29],[-16,-36],[-7,-33],[-1,-34],[5,-30],[7,-23],[15,-29],[18,-21],[33,-24],[-1,-10],[-1,-11],[-1,-2],[0,-7],[-2,-19],[-10,-104],[6,-13],[12,-11],[2,-1],[-2,-39],[3,-13],[-32,-166],[322,-105]],[[5379,1620],[-94,20],[-94,20],[-96,20],[-96,21],[-95,20],[-86,18]],[[4818,1739],[-9,-89],[-8,-90],[-8,-89],[-9,-90],[-2,-9],[-7,-80]],[[5422,1972],[-94,20],[-94,20],[-96,20],[-96,21],[-95,20],[-94,20]],[[4842,2009],[-8,-89],[-5,-51],[-3,-40],[-4,-41],[-4,-49]],[[4988,2412],[-94,20]],[[6619,2253],[18,-4],[9,-2],[24,-5],[44,-9],[88,-19],[7,-1]],[[6281,2689],[-91,19],[-11,0],[-17,-6],[-16,-15],[-15,-22],[-17,-18],[-21,-8],[-8,-2]],[[6085,2637],[-2,-12]],[[6083,2625],[-9,-74],[-11,-89]],[[6063,2462],[-5,-45],[-6,-45],[-5,-44],[-5,-44],[-11,-92]],[[6063,2462],[-93,19],[-96,20],[-94,20],[-86,18],[-4,2],[-5,1],[-37,7],[-57,12],[-95,20]],[[5021,2681],[11,89],[11,88]],[[5044,2867],[-95,19],[-73,16],[-5,0],[-2,0],[-1,0],[-53,5],[-30,7],[-1,-4],[-3,-12],[-40,7],[-53,12],[-6,4],[-59,12],[-59,12],[-5,1],[-48,10],[-6,2],[-58,14],[-58,12]],[[4389,2984],[-63,12],[-14,2],[-18,3],[-13,2],[-14,1],[-5,0],[-13,1],[-65,3],[-65,7]],[[4119,3015],[-7,-177],[-2,-61],[-5,-118],[-3,-59]],[[5149,3203],[-9,-1],[-54,12],[11,90],[11,89],[2,20],[9,69]],[[4360,3642],[1,-20],[-5,-53],[-5,-15],[-8,-61],[-8,-67],[-5,-45],[0,-10],[51,-11],[54,-11],[-4,-14],[-12,-103],[-7,-52],[-3,-27],[-1,-23],[-1,-11],[-14,-114],[-2,-9],[-2,-12]],[[6085,2637],[11,90],[11,91],[5,43],[5,45]],[[5517,2746],[5,-7],[42,-9],[44,-9],[3,5],[2,-6],[92,-19],[9,-2],[92,-20],[26,-9],[54,-20],[7,9],[89,-17],[46,-9],[43,-8],[12,0]],[[6333,3135],[-6,0],[-82,17],[-95,21]],[[6015,3657],[-5,-43],[-5,-45],[-6,-45],[-5,-45],[-6,-44],[-5,-44],[-6,-45],[-5,-45]],[[5637,3737],[-10,-79],[0,-10],[-1,-10],[-10,-79],[-2,-9],[-9,-79],[-11,-90]],[[5119,3482],[66,-14],[28,-6],[92,-19],[7,-2],[93,-19],[94,-21],[95,-20]],[[5637,3737],[-94,20],[-95,20],[-89,18],[-4,1],[-3,1],[-2,1],[-94,19],[-94,20]],[[5162,3837],[11,89],[11,89],[-95,20],[-75,16],[3,28],[6,19],[8,15],[14,15]],[[5689,4162],[-52,5],[-63,7],[-76,6],[-52,6]],[[5446,4186],[-46,5],[-30,4],[-7,-10],[-18,2],[-45,4],[-28,57],[-28,23],[-48,39],[-27,76],[-76,96],[-4,4],[-9,2],[-12,0],[-12,-4]],[[5986,4134],[-9,11],[-23,30]],[[5954,4175],[-29,38],[-68,88],[-1,11],[-18,0],[1,22],[-20,22],[-82,102],[-6,18],[10,-1],[-20,28],[-1,-16],[-35,42],[-73,97],[-11,17],[-21,24],[-65,80],[-24,30],[-11,13]],[[5480,4790],[0,-4],[0,-4],[0,-4],[-1,-13],[-2,-46],[-4,-61],[-4,-78],[-5,-77],[-4,-76],[-4,-76],[-10,-165]],[[5480,4790],[-18,12],[-19,11],[-27,5],[-7,2],[-52,5],[-62,6],[-62,6]],[[5233,4837],[-39,4],[-157,16],[-26,2],[-48,5],[-64,6],[-62,6]],[[6457,6175],[134,-7]],[[6843,6161],[8,0],[39,-2],[6,0]],[[6896,6159],[1,5],[0,3],[0,5],[5,76],[-2,8],[-6,20],[-2,19],[4,59],[3,72],[2,26],[2,36],[3,56],[3,55],[6,12],[14,18],[7,9],[7,5],[16,3],[6,0],[-1,32],[-6,-10],[-8,-4],[-20,2],[-1,26],[-14,22],[-12,8],[-10,3],[-3,1],[0,22],[-2,35],[-1,25],[-1,17],[21,2],[-8,151]],[[6899,6978],[-13,-1],[-37,-4],[-21,-2],[-14,13],[-39,38],[-30,30],[-7,2],[-36,5],[-36,4],[-6,0],[-30,-5],[-41,-6]],[[6435,7024],[47,-121],[-34,-21],[-28,-19],[5,-19],[15,-39],[4,-7],[25,-65],[3,-13],[17,-43],[4,-7],[9,-21],[75,-193],[-26,-18],[-39,-26],[-23,-16],[-10,-7],[-27,-71],[-48,-7],[48,-125],[2,-3],[2,-5],[1,-3]],[[6160,6738],[4,-13],[15,-65],[19,-79],[15,-78],[4,-19],[5,-22],[1,-15],[-1,-13],[0,-9],[6,-4],[1,13],[1,17],[-1,6],[-1,8],[8,-22],[19,-98],[18,-78],[4,-20],[-3,-56],[-1,-9]],[[6273,6182],[64,-3]],[[6337,6179],[8,0],[56,-2],[47,-2],[9,0]],[[6108,6970],[1,-7],[7,-38],[5,-28],[0,-3],[6,-22],[18,-75],[13,-50],[2,-9]],[[6899,6978],[22,2],[-4,79],[-4,77],[-7,117],[36,3],[36,4],[8,-1],[8,0],[4,-16],[6,-23],[12,-24],[15,-12]],[[4751,8577],[16,-79],[1,-4],[3,-12],[17,-54],[2,-7],[20,-55],[27,-62],[5,-10],[20,-37],[13,-24],[7,-12],[32,-53],[21,-27],[15,-21],[36,-41],[8,-7],[33,-32],[21,-15],[43,-33],[10,-6],[32,-21],[6,-3],[20,-14],[30,-21],[9,-5],[36,-23],[-4,-7],[58,-36],[20,-12],[68,-40],[32,-21],[18,-13],[14,-10],[27,-20],[21,-17],[8,-7],[36,-26],[49,-38],[33,-25],[19,-15],[7,-5]],[[5640,7607],[85,-66],[31,-24],[34,-27],[12,-11],[12,-11],[31,-28],[14,-12],[2,-2]],[[5892,7718],[-10,16],[-28,46],[-10,18],[-25,41],[-4,2],[-41,69],[2,3],[-7,11],[-2,-2],[-36,61],[-24,40],[-3,8]],[[5704,8031],[-29,46],[-32,51],[-5,7]],[[5469,8491],[-61,11],[-33,6],[-18,1],[-2,0],[-8,0],[-5,-2],[-47,6],[-21,4],[-60,12],[-7,1],[-58,11],[-4,1],[-7,1],[-74,14],[-9,3],[-38,6],[-52,11],[-19,3],[-14,-1],[-140,-3],[-16,1],[-11,0],[-14,0]],[[6672,8153],[-57,24],[-56,25],[-57,24],[-57,25],[29,115],[-57,24],[-56,24]],[[6361,8414],[-57,25],[-57,24]],[[6247,8463],[-28,-114],[-29,-114],[-16,-65],[-12,-49],[-10,-40],[-13,-53],[-27,3],[-39,3],[-24,2],[-38,4],[-27,2],[-66,5],[-36,2],[-27,1],[-99,-1],[-52,-18]],[[7568,8989],[-1,3],[-13,38],[-5,16],[-1,17],[-4,36],[-7,44],[-1,7],[-2,15],[-6,37],[-3,16],[-7,9],[-5,-44],[-11,-73],[-2,-12],[-5,-35],[-8,-57],[-9,-63],[-40,18],[-56,24]],[[7382,8985],[-1,-8],[-27,-106],[-23,-95],[-3,-10],[-2,-10],[-57,25],[0,-3],[-29,-111],[-19,-80],[-3,-11],[-8,-26],[-12,-51],[-15,-61]],[[7382,8985],[-56,25],[-28,12],[-17,-47],[-11,-9],[-28,-24],[-15,-13],[-30,-26],[-14,-7],[-13,-8],[-18,-9],[-19,8],[-13,51]],[[7120,8938],[-17,-65],[-1,-6],[-4,-12],[-56,25],[-58,23],[-56,24],[-57,25],[-28,-113],[-28,-115],[-29,-114],[-29,-114],[-56,24],[-57,25],[-56,24],[21,82],[-62,7],[-16,-64],[-50,22],[-8,-3],[-27,-109],[-57,26],[-28,-116]],[[6247,8463],[-56,24],[-56,25],[-60,156]],[[5712,9188],[-67,148],[-26,58]],[[5619,9394],[-49,-30],[-49,-30],[-49,-30],[-49,-30],[-49,-30],[-49,-30],[-49,-30],[-51,-31],[-45,-27]],[[5180,9126],[1,-8],[15,-35],[35,-75],[2,-4],[33,-73],[2,-3],[2,-5],[27,-59],[2,-4],[49,-109],[16,-35],[4,-3]],[[5480,4790],[1,5]],[[5518,5422],[-8,-1],[-55,6],[-64,7],[-61,7],[2,34],[-63,10]],[[5269,5485],[2,-9],[-8,-142],[-2,-7],[-1,-31],[-3,-42],[-2,-58],[-3,-54]],[[5252,5142],[-5,-74],[-5,-78],[-4,-71],[-1,-12],[0,-6],[-1,-12],[-3,-52]],[[7182,9985],[8,-12],[12,-51],[7,-27],[17,-54],[13,-33],[14,-34],[35,-72],[26,-59],[10,-17],[18,-17],[14,-8]],[[7356,9601],[26,-12],[28,-12],[16,-10],[10,-10],[7,-9],[4,-5],[8,-13],[8,-13],[3,12],[1,3],[10,-13],[10,-17],[15,-27],[15,-26],[13,-24],[9,-22],[19,-50],[12,-38],[-9,-7],[9,-4],[4,-2],[9,-25],[2,-8],[6,-18],[8,-31],[-2,-15],[-3,-60],[-6,-59]],[[7693,8838],[8,7],[4,4],[7,6],[53,51],[109,102],[53,50],[13,7],[45,34],[27,-49],[54,52],[53,51],[8,8],[58,55],[12,-3],[61,-112],[34,31],[33,-59],[31,-58],[57,-106],[4,-14],[25,-71],[48,-139]],[[8490,8685],[3,9],[3,5],[0,3],[-1,5],[0,8],[-4,19],[-6,20],[-2,6],[-3,4],[-4,4],[-3,3],[-3,5],[-9,21],[-3,8],[-1,10],[-1,7],[1,8],[2,2],[3,-3],[0,4],[3,3],[0,13],[3,6],[20,16],[7,3],[6,5],[6,6],[22,21],[8,5],[14,14],[4,8],[5,8],[2,7],[3,11],[6,11],[7,9],[10,3],[9,-1],[7,-1],[7,0],[8,2],[9,3],[5,5],[4,7],[3,7],[6,4],[5,1],[4,2],[4,6],[5,3],[5,0],[3,6],[3,4],[4,6],[3,3],[2,5],[2,6],[11,15],[8,10],[3,0],[1,3],[4,3],[5,4],[11,9],[6,7],[19,17],[20,13],[24,22],[10,10],[5,1],[1,4],[18,17],[5,5],[8,11],[4,3],[2,3],[3,5],[3,3],[12,10],[3,5],[2,4],[1,-1],[904,743]],[[9779,9976],[-649,0],[-227,-4],[-25,0],[-192,-4],[-5,0],[-91,-2],[-368,10],[-86,0],[-213,0],[-31,4],[-5,1],[-19,3],[-34,-4],[-21,-2],[-13,-1],[-8,-1],[-8,-1],[-10,0],[-29,1],[-23,0],[-236,0],[-40,0],[-18,0],[-2,0],[-8,0],[-7,2],[-10,3],[-12,4],[-23,-9],[-17,0],[-18,0],[-17,0],[-80,0],[-32,5],[-3,1],[-5,1],[-5,1],[-2,0],[-5,1]],[[5180,9126],[-31,68],[-2,4],[-1,3],[-2,4],[-29,63],[-8,17],[-6,14],[-6,12],[-38,61],[-6,9],[-39,61],[-21,32]],[[4991,9474],[-35,-47],[-36,-47],[-40,-54],[-11,-14],[-4,-5],[-3,-5],[-6,-8],[-18,-23],[-33,-44],[-23,-31],[-35,-47],[-31,-30],[-13,-13]],[[4703,9106],[2,-13],[1,-9],[0,-6],[4,-54],[1,-9]],[[3541,9985],[27,-43],[18,-24],[25,-33],[30,-31],[2,-3],[22,-18],[33,-23],[12,-8],[61,-27],[10,-4],[23,-5],[11,-2],[40,0],[53,-2],[12,0],[68,-1],[18,0]],[[4006,9761],[106,-1],[40,-1],[57,-4],[54,-17],[2,-1],[17,-9],[25,-13],[1,-1],[33,-23],[30,-30],[29,-31],[7,-8],[53,-70],[4,-5],[35,-49],[29,-45],[8,-12],[24,-34],[14,-19],[34,-50],[8,-11],[28,-46],[7,-11],[14,-33],[4,-8],[3,-8],[3,-6],[14,-48],[7,-23],[7,-38]],[[4991,9474],[-14,22],[-36,55]],[[4941,9551],[-9,16],[-46,70],[-32,28],[-17,15],[-74,65],[-40,36],[-32,28],[-22,13],[-45,25],[-23,13],[-22,12],[-58,33],[-45,25],[-93,53],[18,2]],[[4401,9985],[-21,0],[-1,0],[-80,0],[-82,0],[-42,-1],[-34,1],[-32,0],[-48,0],[-79,0],[-7,0],[-38,0],[-13,0],[-19,0],[-8,0],[-2,0],[-46,-10],[-26,9],[-3,1],[-21,0],[-2,0],[-11,2],[-12,2],[-28,6],[-22,0],[-30,0],[-20,-4],[-9,-2],[-10,-2],[-1,0],[-12,-2],[-40,0],[-33,0],[-9,0],[-16,0],[-1,0],[-2,0]],[[1025,7425],[152,-4],[89,-26],[100,-15],[0,9],[0,8],[8,0],[8,0],[66,0],[7,0],[-1,-13],[0,-4],[6,0],[56,0],[55,1],[7,0],[6,0],[25,-1],[31,4],[25,8],[24,9],[7,4]],[[1696,7405],[8,4],[24,14],[25,19],[47,43],[6,5],[6,5],[24,16],[33,15],[32,10],[36,5],[17,2]],[[1954,7543],[-2,3],[-2,5],[-3,7],[-5,10],[-40,55],[-37,71],[-55,66],[48,19],[6,4],[4,16],[11,42],[29,99],[0,2],[7,17],[13,18],[18,17],[20,8],[18,2],[20,-4],[81,-33],[43,-18],[8,15],[14,15],[21,19],[22,17],[14,6],[7,2],[16,0],[19,-6],[26,-22],[24,-42],[3,-7],[5,-7],[16,-29],[14,-16],[18,-11],[22,-3],[18,6],[124,63],[7,4]],[[2526,7953],[8,4],[43,21],[18,26],[78,153],[5,31],[0,6],[9,-1],[-4,34],[-30,117],[-13,53],[-12,49],[-3,14],[-2,19]],[[3402,9549],[1,11],[2,21],[3,61],[0,23],[1,90],[1,94],[0,23],[0,46],[-3,27],[0,4],[-3,29]],[[3404,9978],[-4,-1],[-5,-1],[-3,-1],[-13,0],[-4,0],[-532,10],[-155,-10],[-63,0],[-13,5],[-16,5],[-12,0],[-2,0],[-4,0],[-20,0],[-8,0],[-29,0],[-396,0],[-241,10],[-18,0],[-1,0],[-3,0],[-4,0],[-4,0],[-241,-1],[-16,0],[-3,0],[-90,1],[-146,4],[-10,0],[-8,-130],[-37,-108],[-13,-73],[-20,-177],[-69,-306],[-6,-39],[-26,-181],[3,-95],[-23,-116],[-40,-380],[-16,-123],[-43,-330],[4,-177],[-10,-13],[0,-43],[-14,-121],[17,-56],[-10,-38],[-12,-68]],[[5619,9394],[-3,4],[-46,106],[-2,5],[-1,4],[-12,-6],[-9,-6],[-26,-20],[-48,-34],[-46,-36],[-2,4],[-2,4],[-25,59],[-48,112],[-19,44]],[[5330,9634],[-14,-10],[-29,13],[-30,13],[-29,13],[-30,13],[-29,12],[-30,13],[-30,13],[-29,13],[-31,17],[-37,20],[-20,-62],[-23,-46],[-28,-105]],[[5940,9269],[-6,64],[101,53],[-56,258],[-13,56],[17,10],[54,31],[27,24],[28,35],[4,6]],[[6130,9985],[-81,-7],[-18,-1],[-22,-2],[-6,0],[-5,-1],[-5,0],[-5,0],[-33,-3],[-10,-1],[-3,0],[-43,-3],[-10,-1],[-12,2],[-51,8],[-9,0],[-40,4],[-49,5],[-26,0],[-49,0],[-6,0],[-3,0],[-60,0],[-34,10],[-19,0],[-32,0],[-13,0],[-16,0]],[[5470,9995],[19,-16],[2,-2],[-18,-35],[-24,-36],[-13,-23],[-12,-10],[-24,-45],[-6,-14],[-4,-12],[-12,-46],[-1,-11],[-34,-10],[-45,-26],[26,-61],[6,-14]],[[4749,5280],[9,-7],[16,-14],[10,-8],[16,-27],[15,-27],[22,-38],[-4,-19],[3,-77],[0,-15],[4,-38],[-3,-47],[-3,-9],[2,-9],[-7,-29],[-15,-36]],[[5252,5142],[-53,5],[-17,-5],[-12,-1],[-12,2],[-13,1],[-66,7],[1,17],[-3,23],[-1,19],[0,20],[-2,36],[-1,10],[-5,4],[5,70],[2,9],[2,11],[-3,6],[-7,6],[-34,34],[-20,-25],[3,18],[-6,-10],[-32,-35],[-44,-50],[-6,-2],[-9,-2],[-1,6],[-7,23],[16,15],[24,23],[3,6],[0,5],[-1,3],[-1,2],[-6,4],[-1,-2],[-2,-5],[-13,-12],[-15,-5],[-14,3],[-21,12],[-12,3],[-6,1],[-57,-13]],[[4805,5379],[-5,-20],[-5,-11],[-3,-4],[-8,-12],[-14,-14],[-9,-15],[-6,-14],[-6,-9]],[[5470,9995],[-29,-10],[-17,0],[-2,0],[-21,0],[-92,0],[-22,0],[-7,0],[-12,-2],[-8,-1],[-5,-1],[-5,-1],[-27,-5],[-45,0],[-2,5],[-3,6],[-5,-3],[-5,-3],[-4,-2],[-4,-2],[-21,0],[-2,1],[-17,3],[-15,3],[-15,2],[-61,-2],[-4,-2],[-73,-6],[-12,3],[-23,4],[-17,3],[-28,0],[-30,0],[-48,-1],[-3,1],[-112,1],[-19,0],[-11,1],[-24,1],[-3,0],[-10,0],[-74,5],[-29,2],[-47,-5],[-46,-4],[-10,-1]],[[6903,9205],[4,2],[25,11],[47,21],[46,21],[122,57]],[[7147,9317],[-16,63],[-17,65],[-17,64],[-17,65],[-6,5],[-27,99],[-52,-24],[-51,-24],[-53,-24],[-40,153]],[[6604,9556],[20,-73],[-19,-9],[-11,-10],[-8,-12],[-8,-18],[-6,-25],[-1,-24],[3,-26],[6,-20],[11,-26],[12,-20],[15,2],[103,46],[131,59],[17,-65],[17,-65],[1,-9],[12,-47],[4,-9]],[[7356,9601],[-3,-8],[-1,0],[17,-17],[10,-13],[2,-5],[1,-8],[0,-19],[0,-49],[-18,-73],[-2,-15],[6,-14],[9,-14],[-8,1],[-14,6],[-5,6],[-26,12],[-23,10],[-6,3],[-5,-1],[-7,-5],[-98,-64],[-38,-17]],[[6903,9205],[4,-26],[32,9],[49,13],[26,16],[19,13],[9,-34],[10,-39],[-45,-19],[5,-9],[1,-10],[15,-74],[57,26],[16,-63],[19,-70]],[[7182,9985],[-52,-9],[-40,9],[-5,0],[-6,0],[-86,-3],[-86,-2],[-62,-1],[-54,-1]],[[4482,4620],[-55,10],[-40,8],[-72,15],[-18,8],[-14,7],[-23,11],[-14,7],[-50,23],[-16,8],[-113,54],[-61,28],[-60,25],[-62,5],[8,177],[2,69],[-26,24],[-8,25],[-1,20],[8,29],[2,14],[-31,2]],[[3838,5189],[-8,-178]],[[4749,5280],[-15,-25],[-7,-17],[-10,-56],[0,-33],[-3,-8],[-138,30],[-25,14],[-39,23],[-4,1],[-11,5],[-14,8],[-16,9],[-4,3],[-24,23],[-16,19],[-4,7],[-6,8],[-6,9],[-9,19],[-3,14],[-5,50],[-5,15],[-33,76],[-13,41],[-2,14],[-2,9],[-3,52],[-3,12],[-18,41],[-14,35],[-8,25],[-6,25],[0,3],[1,47],[0,26],[-5,27],[-20,31],[-34,8],[-53,-25],[-59,-27],[-13,1],[-84,11],[-28,12],[-18,16]],[[3970,5858],[-13,-15],[-23,-28],[-7,-9],[-23,-33],[-15,-21],[-27,-39]],[[3862,5713],[-13,-28],[-7,-27],[-3,-12],[-1,-7],[0,-31],[7,-42],[3,-14],[-2,-5],[3,-22],[2,-27],[-5,-105],[-1,-35],[-7,-169]],[[3461,5038],[-62,4],[-59,5],[-70,5],[-61,5],[-62,4],[-55,4]],[[3092,5065],[-13,-178],[-8,-177],[-7,-174],[-1,-10]],[[3862,5713],[-4,1],[-44,12],[-16,1]],[[3798,5727],[-61,4],[-61,5],[-60,4],[-10,4],[-6,-2],[-7,-5],[-8,-16],[-9,-27],[-20,12],[-6,6],[-18,12],[-39,24],[-7,-10],[-45,39],[-9,-20],[-4,-3],[-15,-71],[-1,-13],[0,-11],[1,-12],[2,-13],[6,-22],[1,-11],[0,-5],[-2,-19],[0,-4],[2,-27],[-9,-29],[-2,-9],[-5,-6],[-8,-9],[-15,-12],[-12,-10],[-11,-10],[-11,-14],[-6,-11],[-3,-6],[-10,-19],[-2,-7],[1,-4],[-5,4],[-55,4],[-5,-4],[-33,3],[-7,5],[-62,4],[-54,4],[-7,1]],[[3085,5066],[7,-1]],[[3798,5727],[3,55],[8,0],[25,32],[23,75],[-48,21],[5,25],[-15,-14],[-26,-14],[-29,2],[-61,5],[8,177],[-60,5],[-37,3],[-27,5],[-4,1],[-57,3],[-60,3],[-8,3],[-49,3],[-9,-3],[-33,3],[-32,2],[-62,4],[-61,5],[-56,4],[-8,1]],[[3970,5858],[9,16],[18,38],[30,94],[8,18],[41,73],[3,5],[5,4],[37,63],[11,21],[1,26],[-4,16],[-18,28],[-9,2]],[[4102,6262],[-4,5],[-3,4],[-3,4],[-2,3],[-5,7],[-110,141],[-116,152],[-16,21]],[[3843,6599],[-60,9],[-62,8],[-13,2],[-47,6],[-51,7],[-19,3],[-63,5],[-61,4],[-65,5],[-64,4],[-62,5],[-62,4],[-55,4],[-8,1]],[[7919,3251],[31,-40],[66,-86],[31,-41],[44,-59],[21,-27],[13,-13],[10,-6],[14,-9],[3,0],[16,0],[7,0],[13,-62],[26,-36],[6,3],[6,1],[153,-14],[1,1],[1,14],[174,-72]],[[8555,2805],[64,802],[51,715]],[[8670,4322],[-183,44],[-7,3],[-107,12],[-1,-22],[-55,-1],[-6,21],[-39,130],[-57,113],[-18,10],[-7,-119],[-7,-127],[-54,5],[-68,7],[-18,2],[-18,2],[-4,0],[-116,11],[-56,6],[3,51],[1,15],[2,29],[0,15],[1,14]],[[7244,4605],[-7,-124],[-7,-124],[-7,-121],[-7,-113]],[[4805,5379],[10,24],[25,37],[12,10],[11,-3],[27,-14],[11,6],[3,17],[-7,11],[-25,11],[-21,4],[-24,11],[-14,0],[-11,-8],[-31,-37],[-8,-4],[-10,4],[-6,14],[1,14],[14,67],[15,47],[3,11],[10,17],[19,26],[8,19],[1,17],[-3,13],[-26,39],[-8,12],[-10,23],[8,21],[17,31],[4,15],[0,11],[-3,15],[-31,57],[-8,7],[-9,3],[-47,-10],[-6,7],[-20,18],[-7,9],[-6,13],[-5,15],[-10,41],[-2,27],[4,22],[6,12],[8,7],[9,0],[11,-7],[10,-15],[35,-79],[8,-8],[10,-2],[14,7],[37,19],[8,4],[65,63],[8,16],[1,14],[-3,12],[-12,9],[-14,3],[-10,-5],[-11,-8],[-37,-45],[-11,-11],[-12,-5],[-8,2],[-6,8],[-27,78],[-22,57],[-5,16],[-18,71],[-5,21],[-10,13],[-8,6],[-20,20],[-21,17],[-20,6],[-12,2],[-9,10],[2,17]],[[4581,6394],[-7,3],[-42,23]],[[4532,6420],[-9,-5],[-8,-2],[-14,1],[-66,0],[-15,0],[-11,-3],[-3,-2],[-4,-2],[-18,-14],[-18,-19],[-3,-3],[-5,-3],[-5,-4],[-32,-13],[-5,-1],[-5,-3],[-17,-7],[-22,-9],[-5,-1],[-4,-2],[-17,-6],[-23,-6],[-5,-2],[-5,-1],[-38,-10],[-32,-1],[-16,-1],[-25,-39]],[[4532,6420],[9,11],[-6,3],[55,112],[31,67],[16,32]],[[4637,6645],[-4,29],[-7,-4],[-17,-1],[-36,5],[-9,-3],[-26,15],[-22,4],[-19,-2],[-18,-7],[-14,-10],[-4,-3],[-29,-36],[-12,9],[-7,9],[-10,12],[-17,24],[-13,26],[-10,23],[-9,29],[-8,23],[-3,9],[-9,20],[-13,21],[-12,14],[-4,3],[-17,15],[-38,30],[-22,18],[-42,33],[-6,11],[-2,21],[3,11],[1,17],[-5,17],[-12,16],[-12,5],[-14,1],[-18,-12]],[[4121,7037],[-15,-42],[-4,-26],[3,-25],[15,-19],[-2,-14],[-1,-11],[-27,2],[-9,-14],[-17,-32],[-67,-124],[-13,-22],[-8,-10],[-17,-16],[-16,-14],[-5,1],[-21,-14],[-22,-15],[-4,-8],[-48,-35]],[[4637,6645],[5,1],[11,18],[13,14],[13,9],[18,8],[19,4],[64,9],[16,3],[15,6],[11,7],[8,8],[6,7],[2,4],[3,5],[4,11],[1,6],[2,13],[2,32],[4,17],[2,8],[4,9],[5,6],[9,9],[13,5],[19,5],[16,5],[13,7],[10,10],[8,11],[14,28],[2,4],[10,14],[2,3],[11,8],[16,7],[23,8],[9,5],[8,8],[7,13],[1,2],[3,7],[1,20],[-7,65],[0,23],[3,14],[8,35],[2,16],[-1,19],[-4,14],[-10,16],[-50,50],[-7,8],[4,3],[-4,5],[-5,7],[-3,11],[-2,10],[0,12],[2,9],[3,6],[4,7],[6,5],[7,3],[8,2],[8,-1],[43,-20],[15,-7],[8,-2],[5,-1],[15,5],[15,6],[15,13],[9,16],[13,29],[5,13],[5,4],[10,5],[29,14],[16,6],[25,9],[16,13],[17,11],[14,7]],[[5297,7489],[-1,7],[-9,44],[-5,26],[-10,50],[-37,0],[-9,-3],[-8,1],[-66,0],[-63,1],[-133,1],[-131,1],[-131,1],[-131,1],[-125,0],[-5,1]],[[4433,7620],[-25,5],[-11,0],[-13,-3],[-14,-26],[-5,-18],[-3,-11],[-5,-11],[-14,-17],[-15,-8],[-14,-2],[-14,-5],[-13,-8],[-11,-7],[-21,-6],[-6,-16],[-10,-10],[-14,-3],[-22,9],[-8,-1],[-7,0],[-25,-7],[-15,-2],[-22,4],[-17,8],[-26,16]],[[4083,7501],[7,-13],[1,-30],[-1,-19],[-5,-20],[-13,-34],[-6,-24],[-5,-31],[-5,-16],[-8,-18],[-10,-18],[-5,-13],[-3,-20],[0,-65],[3,-11],[6,-8],[11,-4],[7,2],[9,6],[5,1],[9,-61],[-2,-8],[15,-46],[5,-7],[5,-5],[10,-5],[8,3]],[[4083,7501],[-29,-48],[-18,-26],[-9,-11],[-44,-57],[-45,-54],[-63,-64],[14,77],[-2,19],[-9,16],[-17,11],[-23,6],[-14,-4],[-11,0],[-7,-9],[-19,-12],[-13,-11],[14,30],[9,24],[1,33],[-51,3],[-31,2],[-20,13],[-51,4],[-48,3],[-48,4],[-51,4],[-47,3],[-43,-4],[-18,8],[-11,-11],[-33,2],[-17,1],[-35,1],[-47,3],[-8,0],[-49,-1],[2,19],[-9,0]],[[3183,7475],[-1,-19]],[[3182,7456],[-2,-10],[-6,-145],[-4,-101],[-5,-179],[-8,-177],[-6,-178]],[[9235,7661],[26,-48],[32,-60],[32,-59],[52,-95],[13,-25],[77,-143],[362,555],[170,157],[-18,165],[-96,1151],[-6,3],[-100,714]],[[8490,8685],[-3,-6],[-3,-3],[-5,-5],[-7,-4],[-4,-2],[-3,-2],[-4,-5],[-6,-4],[-4,-5],[-4,-5],[-5,-3],[-3,-4],[-2,-2],[-4,-4],[-4,-4],[-6,-8],[-4,-3],[-8,-6],[-3,-3],[-16,-16]],[[5269,5485],[-6,4],[-39,7],[-22,9],[-18,0],[-6,15],[-18,44],[-7,11],[-11,30],[-5,8],[-8,20],[-29,39],[-4,10],[-10,28],[-11,23],[-14,22],[-2,21],[-10,1],[-8,0],[-9,54],[-4,27],[-8,56],[-3,16]],[[5017,5930],[-9,64],[-2,8],[-6,54],[-9,26],[-22,47],[-10,29],[3,33],[3,23],[-1,22],[-7,24],[-7,13],[-11,9],[-7,3],[-5,7],[2,4],[1,1],[12,22]],[[4942,6319],[-2,1],[-11,-9],[-3,-14],[0,-2],[-1,-5],[0,-3],[-103,25],[-11,4],[-32,12]],[[4779,6328],[-23,8],[-64,26],[-26,10],[-19,5],[-28,6],[-23,5],[-15,6]],[[8136,1555],[69,144],[145,339],[8,17],[69,265],[128,485]],[[7347,2831],[-58,-75],[-31,-41],[-31,-41],[-25,-34],[-34,-46],[-14,-1]],[[7323,5576],[-7,-122],[-3,-39],[-5,-29],[-9,-32],[-8,-20]],[[7934,5026],[3,55],[1,148],[-1,41],[-1,28],[0,60],[1,31],[11,113],[3,11],[7,0],[3,-1],[4,0],[3,0],[1,22],[20,87],[12,68],[5,55],[1,6],[31,-1]],[[8038,5749],[-31,3],[-3,1],[-15,1],[-5,1],[-2,0],[-56,6],[-32,3],[-25,2],[-55,6],[-55,5],[-56,6],[6,108],[-111,12],[-62,6],[-24,10],[-22,12],[-14,8],[-44,4],[-55,5],[-24,2],[-7,6],[-3,10],[-1,18],[-3,43],[0,10],[0,3],[-1,7],[-11,0],[-8,1],[-4,0],[-17,5]],[[7298,6053],[-2,1],[-11,3]],[[7285,6057],[3,-14],[13,-67],[12,-57],[-4,-5],[1,-40],[5,-26],[2,-9],[4,-18],[9,-51],[2,-29],[-2,-43],[-7,-122]],[[8038,5749],[55,-5],[56,-6],[38,-3],[12,-1],[11,-1],[51,-5],[55,-6],[56,-5],[55,-5],[55,-6],[56,-5],[16,-2],[41,-4],[56,-12],[117,-26]],[[8768,5657],[110,102],[165,631],[-53,92]],[[7736,7168],[-107,-101],[-106,-99],[-2,-2],[-1,-2],[-3,2],[-6,-3],[-7,-1],[-10,3],[-44,20],[-67,32],[-64,29],[-63,30],[-44,19],[-34,16],[-69,32]],[[7109,7143],[-1,-9],[-3,-30],[-1,-23],[0,-37],[1,-12],[0,-2],[1,-19],[1,-12],[-10,-1],[6,-88],[7,-35],[6,-25],[9,-25],[16,-37],[26,-59],[31,-69],[23,-55],[18,-42],[4,-16],[19,-90],[-1,-23],[-1,-8],[-2,-9],[-3,-26],[1,-3],[7,-14],[6,-13],[8,-33],[12,-58],[3,-20],[6,-33],[-3,-35],[-7,-25],[-9,-4],[6,-35],[10,-52],[3,-13]],[[6695,2875],[11,89]],[[6863,2658],[94,-20],[41,-9],[7,-1],[46,-10]],[[7075,2703],[-38,55],[-3,5],[-31,40],[-14,18],[-1,7],[-6,2],[-7,10],[-50,65],[-13,17],[-3,6],[-3,3],[-62,80],[-14,19],[-16,21],[-29,38],[-3,4],[-4,5],[-43,57]],[[3926,9033],[-23,1],[0,26]],[[3903,9060],[-52,1],[-51,0],[-52,1],[-51,0],[-52,1],[-52,1],[1,171],[-52,0],[-51,1],[-52,0],[-43,1],[-6,-4],[-52,-90],[-11,-17]],[[3327,9126],[1,-24],[0,-19],[0,-15],[1,-23],[2,-46],[3,-101],[5,-173],[1,-14],[11,-3],[15,-3],[13,-1],[5,4],[51,-1],[52,0],[8,0],[44,-1],[18,0],[34,0],[26,-1],[25,0],[34,0],[18,-1],[41,0],[10,0],[52,-1],[52,0],[52,-1],[16,0],[2,0],[2,-1],[4,-4]],[[3903,9060],[1,49],[0,81],[0,41],[1,50],[0,70],[0,55],[1,26],[2,12],[-1,72],[0,60],[0,24],[0,86],[1,11],[9,6],[2,2],[27,19],[33,17],[17,12],[10,8]],[[3541,9985],[-7,0],[-10,0],[-95,0],[-6,-2],[-5,-1],[-14,-4]],[[2019,5500],[10,0],[25,-2],[61,-5],[62,-5],[62,-4],[61,-5],[62,-4],[62,-5],[61,-4],[62,-5]],[[2041,6034],[0,-10],[-7,-157],[0,-11]],[[2133,2987],[7,172],[1,7]],[[1865,3911],[-8,-178],[-8,-178],[-8,-178]],[[1841,3377],[-8,-178],[0,-10],[-3,-63],[-1,-35],[-2,-39],[-2,-41]],[[3173,8776],[12,-7],[1,-8],[2,-66],[8,-126],[6,-173],[6,-194],[6,-196],[-6,-130],[-3,-61],[-1,-7],[-10,0]],[[3194,7808],[-5,-136],[-6,-197]],[[4083,7501],[26,62],[-9,15],[-4,10],[-1,14],[-3,11],[-6,10],[-32,29],[-11,6],[-13,1],[-1,30],[-5,26],[-1,12],[-25,29],[-9,12],[-8,16],[-3,41],[-2,19],[-5,21],[-11,23],[-6,16],[2,7],[1,10],[10,54],[-16,57],[12,-4],[13,-2],[13,2],[19,8],[-8,7],[-27,26],[-23,20],[-14,7],[-18,4],[-18,-2],[-11,-3],[9,26],[7,25],[3,29],[1,9],[0,12],[-2,25],[-7,92],[-5,21],[33,25]],[[5297,7489],[50,16],[49,17],[48,14]],[[5444,7536],[49,15],[48,16],[26,7],[33,10],[14,6],[8,6],[9,5],[7,5],[2,1]],[[4495,8560],[0,-35],[0,-67],[-2,-237],[0,-108],[3,-41],[-7,-19],[-89,-1],[0,-28],[0,-34],[-1,-27],[-4,-37],[39,0],[0,-80],[0,-44],[0,-30],[-1,-4],[0,-4],[0,-3],[0,-6],[0,-65],[0,-70]],[[3182,7456],[-109,6],[-6,-1],[-48,3],[-77,5],[-10,1],[-9,0],[-32,3],[-51,3],[-20,2],[-23,1],[-8,1],[-5,0],[-14,1],[-30,3],[-19,1],[-27,2],[-6,1],[-5,0],[-12,1],[-36,3],[-15,1],[-32,2],[-20,-1],[1,17],[-7,1],[-2,-16],[0,-2],[-164,13],[-91,10],[-48,3],[-56,3],[-62,5],[-26,2]],[[2113,7530],[-4,-99],[-6,-146],[-1,-8],[-4,1],[-4,0],[-1,-8],[-6,-161],[0,-9],[-1,-9],[-8,-168],[-6,-178]],[[1954,7543],[6,-2],[118,-8],[26,-2],[9,-1]],[[3194,7808],[-54,-3],[-53,-1],[-22,0],[-59,-2],[-51,0],[-50,-1],[-51,-1],[-51,-1],[-8,-1],[-43,3],[-50,6],[-51,7],[-50,6],[-51,6],[1,28],[-8,35],[-7,23],[-4,14],[-1,3],[-3,13],[-2,11]],[[1645,6063],[-61,4],[-62,5],[-62,4],[-61,5],[-61,4],[-38,3],[-23,14],[-7,5],[-24,8],[-48,-2],[-205,38],[-47,1]],[[946,6152],[-13,-64],[-16,-75],[2,-59],[-16,-39],[-13,-92],[-2,-70],[-22,-147],[12,-79],[-8,-16],[-18,-178],[-11,-128],[-10,-178],[-8,-52],[-20,-110],[-2,-78],[-15,-94]],[[1696,7405],[2,-5],[3,-11],[-3,-82],[-7,-178],[-8,-177],[-7,-177],[-8,-179],[-8,-178],[-7,-177],[-8,-178]],[[1025,7425],[4,-63],[-16,-145],[0,-63],[-3,-99],[3,-34],[-5,-28],[-9,-46],[-8,-51],[-2,-99],[7,-48],[-13,-33],[-15,-89],[-2,-53],[0,-93],[10,-92],[-15,-90],[-7,-62],[5,-58],[-13,-27]],[[3780,2325],[69,-23],[210,-71],[26,-16]],[[3809,3038],[-8,-177],[-8,-176],[-1,-20],[-7,-159],[-7,-163],[2,-18]],[[3332,2539],[2,-18],[2,-18],[4,-26],[5,-25]],[[3345,2452],[7,0],[62,1],[14,0],[48,-17],[120,-43],[61,-27],[62,-21],[61,-20]],[[3809,3038],[-8,1],[-47,3],[-7,1],[-7,0],[-47,4],[-8,0],[-7,0],[-47,4],[-7,1],[-6,0],[-48,4],[-8,1],[-7,0],[-46,4],[-8,1],[-62,4],[-61,3],[-28,2]],[[2130,2808],[57,-4],[61,-5],[62,-4],[34,-3],[28,-2],[31,-2],[30,-3],[62,-4],[-8,-178],[61,-5],[62,-4],[61,-5]],[[2695,3122],[-7,0],[-47,4],[-8,1],[-8,0],[-46,4],[-7,1],[-7,0],[-48,4],[-7,0],[-7,1],[-47,3],[-7,1],[-62,3]],[[1711,1708],[853,400],[30,97],[22,27],[36,-10],[5,-29],[1,-12],[19,29],[-32,52],[42,142],[111,49],[50,15],[66,26],[62,-10],[62,9],[62,1],[61,1],[65,-19],[63,-20],[49,-4],[7,0]],[[3382,3796],[-8,-178],[0,-9],[-7,-159],[0,-10],[-8,-177],[-8,-178],[-1,-14]],[[2957,3471],[-8,-177],[-8,-178],[0,-13]],[[6609,3800],[-32,-41],[-27,-36],[-30,-40],[-24,-31],[-66,-86],[-2,-9]],[[7210,4608],[-21,2],[-56,6],[-57,6],[-57,5]],[[6507,4709],[-9,-154],[-3,-54],[-6,-100],[-9,-153],[-2,-8],[-1,-67],[2,-46],[1,-6],[3,-8],[-1,-4],[-1,-5],[0,-6],[3,-36],[-4,-8],[-7,-18],[-4,-13],[-2,-11],[-22,-117],[-2,-11],[-2,-10],[-8,-39],[-1,-16],[-3,-13],[-1,-4],[-33,-174],[-1,-12],[1,-2],[3,-7],[3,-3],[-3,-15]],[[6507,4709],[-66,7],[-60,7],[-52,5],[-38,3],[-37,4]],[[6254,4735],[-9,-154],[-4,-77],[-5,-78],[-5,-77],[-1,-18],[-3,-58],[-3,-58],[-3,-50],[-3,-57],[-5,-80],[-5,-84],[3,-10],[-4,-49],[-5,-15],[1,-13]],[[6896,6159],[6,0],[40,-1],[6,0],[6,-1],[40,-1],[8,0]],[[7002,6156],[27,0],[9,-1],[10,-3],[7,-5],[52,-27],[6,-3],[3,-1],[13,-6],[11,-6],[36,-10],[11,-3],[15,-4],[8,-3],[4,-2],[8,-4],[4,-2],[0,3],[2,-1],[27,-10],[30,-11]],[[1189,3082],[16,43],[9,31],[4,85],[8,183],[61,-5],[62,-4],[61,-5],[62,-5],[61,-4],[62,-5],[62,-5],[61,-4],[62,-5],[61,-5]],[[765,4031],[-2,-120],[-6,-315],[-26,-60],[-45,-120],[-21,-233],[5,-86],[-112,-420],[-321,-1193],[-25,-95],[-181,-673],[-31,-115],[102,21],[177,69],[572,223],[551,410],[309,384]],[[6254,4735],[-56,5],[-21,2],[-47,5],[-7,1],[-46,4],[-76,8]],[[6001,4760],[-7,-90],[-2,-64],[-7,-108],[-3,-47],[-3,-74],[-4,-79],[-7,-105],[-9,-6],[-5,-12]],[[6254,4735],[2,36],[2,33],[5,83],[9,153],[4,69],[4,84],[5,76],[4,76],[5,76],[4,77]],[[6298,5498],[-27,3],[-98,9],[-5,0],[-30,3],[-31,3],[-31,3],[-32,4]],[[6044,5523],[-8,-153]],[[6551,5472],[-63,7],[-63,6],[-63,7],[-64,6]],[[6337,6179],[-4,-72],[-9,-152],[-9,-152],[-8,-153],[-9,-152]],[[6273,6182],[-52,5],[-9,6],[-6,1],[-18,5],[-98,10],[-7,0],[-8,2]],[[6075,6211],[-1,-11],[-3,-55],[-1,-11],[9,-1],[-6,-76],[-3,-76],[-5,-77],[-4,-77]],[[6061,5827],[-9,-151],[-8,-153]],[[6061,5827],[-8,1],[-33,3],[-31,3],[-63,7],[-64,6],[-64,6],[-127,13],[-127,13]],[[5544,5879],[-4,-75],[-5,-76],[-4,-77],[-5,-76],[-4,-76],[-4,-77]],[[5544,5879],[-127,14],[-125,13],[-62,5],[-61,6],[-62,7],[-63,6],[-18,0],[-9,0]],[[5544,5879],[5,77],[4,76],[4,76],[5,77],[4,76]],[[5566,6261],[-39,4],[-37,3],[-51,4],[-125,13],[-4,-75],[-5,-79],[-35,0],[-50,1],[-56,1],[-41,3],[-8,3],[-21,10],[-35,27],[-3,10],[-34,55],[-45,71],[-8,4],[-27,3]],[[6075,6211],[-126,12],[-128,13],[-127,12]],[[5694,6248],[-17,2],[-21,2],[-90,9]],[[6160,6738],[-46,5],[-9,1],[-86,9],[-40,4],[-19,2],[-59,6],[-49,4],[-11,2],[-59,6],[-54,5]],[[5728,6782],[-4,-8],[-4,-68],[-4,-76],[-5,-78],[-4,-75],[-4,-76],[-5,-76],[-4,-77]],[[5728,6782],[-13,0],[-52,4],[-12,1],[-13,1],[-8,-3],[-11,-9],[-7,-3],[-20,2],[-4,-56],[-3,-65],[3,-12],[-75,8],[-54,5],[2,45],[1,10],[3,30],[4,33],[-2,23],[-6,3],[-2,10],[-1,-6],[-13,-47],[-17,-39],[-21,-35],[-44,-51],[-16,-17],[-7,-6],[-7,-7],[-17,-17],[-84,-84],[-17,-21],[-6,-9],[-5,-11],[-3,-8],[-2,1],[-4,0],[-64,6],[0,17],[-5,14],[-20,26],[-18,17],[-14,8],[-21,2],[-1,15],[-5,19],[-9,14],[-49,45],[-9,7],[-14,0],[-12,-6],[-18,-16],[-31,-15],[-12,-7],[-10,-14],[-5,-22],[-3,-26],[-3,-23],[-5,-14],[-9,-32],[-9,-17],[-9,-14],[-5,-5],[-18,-31],[-5,-11],[-2,-16],[-24,6],[-6,-40],[-1,-11]],[[5728,6782],[8,134],[0,7],[-58,53],[26,50],[7,11],[9,1],[41,-4],[61,20],[30,33],[0,13],[0,8],[0,8],[-31,34],[-13,14],[-33,36],[-74,79],[-1,4],[-62,67],[-5,2],[-19,1],[-14,-21],[-34,-55],[-17,-23],[-12,-23],[-10,-11],[-13,-3],[-5,1],[8,46],[9,55],[-12,10],[-9,21],[-13,18],[-5,10],[-17,23],[-1,4],[-9,48],[-15,79],[-1,4]],[[8670,4322],[98,1335]],[[7323,5576],[-23,2],[-55,6],[-31,3],[-25,3],[-57,5],[3,-7],[-1,-15],[-4,-5],[-55,6]],[[6971,5584],[1,13],[-2,4],[8,136],[9,152],[9,152],[6,115]],[[7703,7228],[-33,59],[-32,59],[-21,38],[-11,20],[-8,95],[-3,21],[-5,27],[-6,16],[-83,127],[35,58],[-50,21],[1,8],[24,97],[-1,8]]],"transform":{"scale":[0.05000500050004999,0.038110920506586383],"translate":[2.842170943040401e-14,59.46445292730576]}}